year,round,from_country_id,to_country_id,total_points,tele_points,jury_points
2024,final,ALB,CHE,15,3,12
2024,final,ALB,FRA,6,6,0
2024,final,ALB,HRV,15,12,3
2024,final,ALB,ITA,18,8,10
2024,final,ALB,UKR,7,7,0
2024,final,ALB,IRL,0,0,0
2024,final,ALB,PRT,5,0,5
2024,final,ALB,SWE,0,0,0
2024,final,ALB,ARM,9,1,8
2024,final,ALB,DEU,0,0,0
2024,final,ALB,LUX,4,0,4
2024,final,ALB,ISR,10,10,0
2024,final,ALB,GBR,0,0,0
2024,final,ALB,GRC,11,4,7
2024,final,ALB,LVA,0,0,0
2024,final,ALB,CYP,5,5,0
2024,final,ALB,LTU,0,0,0
2024,final,ALB,SRB,3,2,1
2024,final,ALB,ESP,0,0,0
2024,final,ALB,AUT,0,0,0
2024,final,ALB,GEO,0,0,0
2024,final,ALB,SVN,2,0,2
2024,final,ALB,NOR,6,0,6
2024,final,ALB,FIN,0,0,0
2024,final,ALB,EST,0,0,0
2024,final,ARM,CHE,15,8,7
2024,final,ARM,FRA,24,12,12
2024,final,ARM,HRV,13,7,6
2024,final,ARM,ITA,14,6,8
2024,final,ARM,UKR,3,3,0
2024,final,ARM,IRL,2,2,0
2024,final,ARM,PRT,10,0,10
2024,final,ARM,SWE,0,0,0
2024,final,ARM,ARM,0,0,0
2024,final,ARM,DEU,1,0,1
2024,final,ARM,LUX,0,0,0
2024,final,ARM,ISR,1,1,0
2024,final,ARM,GBR,0,0,0
2024,final,ARM,GRC,14,10,4
2024,final,ARM,LVA,0,0,0
2024,final,ARM,CYP,6,4,2
2024,final,ARM,LTU,0,0,0
2024,final,ARM,SRB,5,0,5
2024,final,ARM,ESP,0,0,0
2024,final,ARM,AUT,0,0,0
2024,final,ARM,GEO,8,5,3
2024,final,ARM,SVN,0,0,0
2024,final,ARM,NOR,0,0,0
2024,final,ARM,FIN,0,0,0
2024,final,ARM,EST,0,0,0
2024,final,AUS,CHE,17,7,10
2024,final,AUS,FRA,2,2,0
2024,final,AUS,HRV,18,10,8
2024,final,AUS,ITA,7,0,7
2024,final,AUS,UKR,7,6,1
2024,final,AUS,IRL,20,8,12
2024,final,AUS,PRT,0,0,0
2024,final,AUS,SWE,5,0,5
2024,final,AUS,ARM,1,1,0
2024,final,AUS,DEU,0,0,0
2024,final,AUS,LUX,2,0,2
2024,final,AUS,ISR,12,12,0
2024,final,AUS,GBR,4,0,4
2024,final,AUS,GRC,3,3,0
2024,final,AUS,LVA,0,0,0
2024,final,AUS,CYP,11,5,6
2024,final,AUS,LTU,0,0,0
2024,final,AUS,SRB,0,0,0
2024,final,AUS,ESP,0,0,0
2024,final,AUS,AUT,0,0,0
2024,final,AUS,GEO,0,0,0
2024,final,AUS,SVN,0,0,0
2024,final,AUS,NOR,0,0,0
2024,final,AUS,FIN,7,4,3
2024,final,AUS,EST,0,0,0
2024,final,AUT,HRV,20,12,8
2024,final,AUT,ISR,10,10,0
2024,final,AUT,UKR,13,7,6
2024,final,AUT,FRA,11,6,5
2024,final,AUT,CHE,20,8,12
2024,final,AUT,IRL,5,2,3
2024,final,AUT,ITA,11,1,10
2024,final,AUT,GRC,0,0,0
2024,final,AUT,ARM,10,3,7
2024,final,AUT,LTU,0,0,0
2024,final,AUT,SWE,0,0,0
2024,final,AUT,CYP,0,0,0
2024,final,AUT,EST,0,0,0
2024,final,AUT,SRB,5,5,0
2024,final,AUT,FIN,0,0,0
2024,final,AUT,LVA,0,0,0
2024,final,AUT,LUX,0,0,0
2024,final,AUT,GEO,0,0,0
2024,final,AUT,DEU,4,4,0
2024,final,AUT,PRT,0,0,0
2024,final,AUT,SVN,0,0,0
2024,final,AUT,ESP,4,0,4
2024,final,AUT,AUT,0,0,0
2024,final,AUT,NOR,1,0,1
2024,final,AUT,GBR,0,0,0
2024,final,AZE,HRV,16,12,4
2024,final,AZE,ISR,7,7,0
2024,final,AZE,UKR,9,8,1
2024,final,AZE,FRA,2,2,0
2024,final,AZE,CHE,22,10,12
2024,final,AZE,IRL,14,4,10
2024,final,AZE,ITA,9,3,6
2024,final,AZE,GRC,1,1,0
2024,final,AZE,ARM,0,0,0
2024,final,AZE,LTU,0,0,0
2024,final,AZE,SWE,5,0,5
2024,final,AZE,CYP,8,6,2
2024,final,AZE,EST,0,0,0
2024,final,AZE,SRB,0,0,0
2024,final,AZE,FIN,0,0,0
2024,final,AZE,LVA,0,0,0
2024,final,AZE,LUX,8,0,8
2024,final,AZE,GEO,12,5,7
2024,final,AZE,DEU,0,0,0
2024,final,AZE,PRT,0,0,0
2024,final,AZE,SVN,3,0,3
2024,final,AZE,ESP,0,0,0
2024,final,AZE,AUT,0,0,0
2024,final,AZE,NOR,0,0,0
2024,final,AZE,GBR,0,0,0
2024,final,BEL,HRV,8,8,0
2024,final,BEL,ISR,17,12,5
2024,final,BEL,UKR,8,7,1
2024,final,BEL,FRA,22,10,12
2024,final,BEL,CHE,16,6,10
2024,final,BEL,IRL,6,2,4
2024,final,BEL,ITA,10,3,7
2024,final,BEL,GRC,4,4,0
2024,final,BEL,ARM,5,5,0
2024,final,BEL,LTU,0,0,0
2024,final,BEL,SWE,3,0,3
2024,final,BEL,CYP,0,0,0
2024,final,BEL,EST,0,0,0
2024,final,BEL,SRB,0,0,0
2024,final,BEL,FIN,0,0,0
2024,final,BEL,LVA,0,0,0
2024,final,BEL,LUX,1,1,0
2024,final,BEL,GEO,0,0,0
2024,final,BEL,DEU,8,0,8
2024,final,BEL,PRT,2,0,2
2024,final,BEL,SVN,0,0,0
2024,final,BEL,ESP,0,0,0
2024,final,BEL,AUT,0,0,0
2024,final,BEL,NOR,0,0,0
2024,final,BEL,GBR,6,0,6
2024,final,HRV,HRV,0,0,0
2024,final,HRV,ISR,0,0,0
2024,final,HRV,UKR,15,8,7
2024,final,HRV,FRA,10,6,4
2024,final,HRV,CHE,1,1,0
2024,final,HRV,IRL,13,5,8
2024,final,HRV,ITA,13,7,6
2024,final,HRV,GRC,0,0,0
2024,final,HRV,ARM,3,3,0
2024,final,HRV,LTU,0,0,0
2024,final,HRV,SWE,4,2,2
2024,final,HRV,CYP,1,0,1
2024,final,HRV,EST,4,4,0
2024,final,HRV,SRB,15,12,3
2024,final,HRV,FIN,0,0,0
2024,final,HRV,LVA,0,0,0
2024,final,HRV,LUX,5,0,5
2024,final,HRV,GEO,0,0,0
2024,final,HRV,DEU,0,0,0
2024,final,HRV,PRT,12,0,12
2024,final,HRV,SVN,20,10,10
2024,final,HRV,ESP,0,0,0
2024,final,HRV,AUT,0,0,0
2024,final,HRV,NOR,0,0,0
2024,final,HRV,GBR,0,0,0
2024,final,CYP,HRV,17,5,12
2024,final,CYP,ISR,18,10,8
2024,final,CYP,UKR,9,8,1
2024,final,CYP,FRA,17,7,10
2024,final,CYP,CHE,12,6,6
2024,final,CYP,IRL,2,2,0
2024,final,CYP,ITA,6,3,3
2024,final,CYP,GRC,12,12,0
2024,final,CYP,ARM,4,4,0
2024,final,CYP,LTU,0,0,0
2024,final,CYP,SWE,3,1,2
2024,final,CYP,CYP,0,0,0
2024,final,CYP,EST,0,0,0
2024,final,CYP,SRB,5,0,5
2024,final,CYP,FIN,0,0,0
2024,final,CYP,LVA,7,0,7
2024,final,CYP,LUX,4,0,4
2024,final,CYP,GEO,0,0,0
2024,final,CYP,DEU,0,0,0
2024,final,CYP,PRT,0,0,0
2024,final,CYP,SVN,0,0,0
2024,final,CYP,ESP,0,0,0
2024,final,CYP,AUT,0,0,0
2024,final,CYP,NOR,0,0,0
2024,final,CYP,GBR,0,0,0
2024,final,CZE,HRV,10,8,2
2024,final,CZE,ISR,10,10,0
2024,final,CZE,UKR,24,12,12
2024,final,CZE,FRA,8,4,4
2024,final,CZE,CHE,17,7,10
2024,final,CZE,IRL,13,6,7
2024,final,CZE,ITA,0,0,0
2024,final,CZE,GRC,2,2,0
2024,final,CZE,ARM,11,5,6
2024,final,CZE,LTU,1,1,0
2024,final,CZE,SWE,11,3,8
2024,final,CZE,CYP,0,0,0
2024,final,CZE,EST,0,0,0
2024,final,CZE,SRB,0,0,0
2024,final,CZE,FIN,0,0,0
2024,final,CZE,LVA,0,0,0
2024,final,CZE,LUX,0,0,0
2024,final,CZE,GEO,0,0,0
2024,final,CZE,DEU,5,0,5
2024,final,CZE,PRT,3,0,3
2024,final,CZE,SVN,0,0,0
2024,final,CZE,ESP,0,0,0
2024,final,CZE,AUT,0,0,0
2024,final,CZE,NOR,1,0,1
2024,final,CZE,GBR,0,0,0
2024,final,DNK,HRV,20,12,8
2024,final,DNK,ISR,8,8,0
2024,final,DNK,UKR,16,10,6
2024,final,DNK,FRA,17,7,10
2024,final,DNK,CHE,17,5,12
2024,final,DNK,IRL,10,3,7
2024,final,DNK,ITA,0,0,0
2024,final,DNK,GRC,0,0,0
2024,final,DNK,ARM,3,0,3
2024,final,DNK,LTU,1,1,0
2024,final,DNK,SWE,11,6,5
2024,final,DNK,CYP,0,0,0
2024,final,DNK,EST,0,0,0
2024,final,DNK,SRB,2,0,2
2024,final,DNK,FIN,2,2,0
2024,final,DNK,LVA,8,4,4
2024,final,DNK,LUX,1,0,1
2024,final,DNK,GEO,0,0,0
2024,final,DNK,DEU,0,0,0
2024,final,DNK,PRT,0,0,0
2024,final,DNK,SVN,0,0,0
2024,final,DNK,ESP,0,0,0
2024,final,DNK,AUT,0,0,0
2024,final,DNK,NOR,0,0,0
2024,final,DNK,GBR,0,0,0
2024,final,EST,HRV,18,10,8
2024,final,EST,ISR,11,6,5
2024,final,EST,UKR,22,12,10
2024,final,EST,FRA,12,5,7
2024,final,EST,CHE,19,7,12
2024,final,EST,IRL,2,2,0
2024,final,EST,ITA,3,0,3
2024,final,EST,GRC,0,0,0
2024,final,EST,ARM,0,0,0
2024,final,EST,LTU,6,4,2
2024,final,EST,SWE,7,1,6
2024,final,EST,CYP,0,0,0
2024,final,EST,EST,0,0,0
2024,final,EST,SRB,0,0,0
2024,final,EST,FIN,8,8,0
2024,final,EST,LVA,4,3,1
2024,final,EST,LUX,0,0,0
2024,final,EST,GEO,0,0,0
2024,final,EST,DEU,4,0,4
2024,final,EST,PRT,0,0,0
2024,final,EST,SVN,0,0,0
2024,final,EST,ESP,0,0,0
2024,final,EST,AUT,0,0,0
2024,final,EST,NOR,0,0,0
2024,final,EST,GBR,0,0,0
2024,final,FIN,HRV,20,10,10
2024,final,FIN,ISR,12,12,0
2024,final,FIN,UKR,14,6,8
2024,final,FIN,FRA,9,4,5
2024,final,FIN,CHE,20,8,12
2024,final,FIN,IRL,11,5,6
2024,final,FIN,ITA,0,0,0
2024,final,FIN,GRC,0,0,0
2024,final,FIN,ARM,0,0,0
2024,final,FIN,LTU,0,0,0
2024,final,FIN,SWE,7,0,7
2024,final,FIN,CYP,0,0,0
2024,final,FIN,EST,7,7,0
2024,final,FIN,SRB,0,0,0
2024,final,FIN,FIN,0,0,0
2024,final,FIN,LVA,0,0,0
2024,final,FIN,LUX,4,0,4
2024,final,FIN,GEO,0,0,0
2024,final,FIN,DEU,3,0,3
2024,final,FIN,PRT,0,0,0
2024,final,FIN,SVN,0,0,0
2024,final,FIN,ESP,4,3,1
2024,final,FIN,AUT,2,2,0
2024,final,FIN,NOR,3,1,2
2024,final,FIN,GBR,0,0,0
2024,final,FRA,HRV,9,7,2
2024,final,FRA,ISR,15,12,3
2024,final,FRA,UKR,18,8,10
2024,final,FRA,FRA,0,0,0
2024,final,FRA,CHE,11,6,5
2024,final,FRA,IRL,0,0,0
2024,final,FRA,ITA,4,4,0
2024,final,FRA,GRC,5,1,4
2024,final,FRA,ARM,16,10,6
2024,final,FRA,LTU,1,0,1
2024,final,FRA,SWE,0,0,0
2024,final,FRA,CYP,0,0,0
2024,final,FRA,EST,0,0,0
2024,final,FRA,SRB,0,0,0
2024,final,FRA,FIN,0,0,0
2024,final,FRA,LVA,0,0,0
2024,final,FRA,LUX,10,3,7
2024,final,FRA,GEO,0,0,0
2024,final,FRA,DEU,8,0,8
2024,final,FRA,PRT,17,5,12
2024,final,FRA,SVN,0,0,0
2024,final,FRA,ESP,2,2,0
2024,final,FRA,AUT,0,0,0
2024,final,FRA,NOR,0,0,0
2024,final,FRA,GBR,0,0,0
2024,final,GEO,HRV,6,5,1
2024,final,GEO,ISR,11,8,3
2024,final,GEO,UKR,17,12,5
2024,final,GEO,FRA,16,6,10
2024,final,GEO,CHE,19,7,12
2024,final,GEO,IRL,4,4,0
2024,final,GEO,ITA,10,3,7
2024,final,GEO,GRC,2,2,0
2024,final,GEO,ARM,16,10,6
2024,final,GEO,LTU,0,0,0
2024,final,GEO,SWE,0,0,0
2024,final,GEO,CYP,0,0,0
2024,final,GEO,EST,0,0,0
2024,final,GEO,SRB,0,0,0
2024,final,GEO,FIN,0,0,0
2024,final,GEO,LVA,9,1,8
2024,final,GEO,LUX,0,0,0
2024,final,GEO,GEO,0,0,0
2024,final,GEO,DEU,2,0,2
2024,final,GEO,PRT,4,0,4
2024,final,GEO,SVN,0,0,0
2024,final,GEO,ESP,0,0,0
2024,final,GEO,AUT,0,0,0
2024,final,GEO,NOR,0,0,0
2024,final,GEO,GBR,0,0,0
2024,final,DEU,HRV,16,10,6
2024,final,DEU,ISR,20,12,8
2024,final,DEU,UKR,12,8,4
2024,final,DEU,FRA,16,6,10
2024,final,DEU,CHE,12,7,5
2024,final,DEU,IRL,1,1,0
2024,final,DEU,ITA,5,3,2
2024,final,DEU,GRC,5,5,0
2024,final,DEU,ARM,11,4,7
2024,final,DEU,LTU,3,2,1
2024,final,DEU,SWE,12,0,12
2024,final,DEU,CYP,0,0,0
2024,final,DEU,EST,0,0,0
2024,final,DEU,SRB,0,0,0
2024,final,DEU,FIN,0,0,0
2024,final,DEU,LVA,0,0,0
2024,final,DEU,LUX,3,0,3
2024,final,DEU,GEO,0,0,0
2024,final,DEU,DEU,0,0,0
2024,final,DEU,PRT,0,0,0
2024,final,DEU,SVN,0,0,0
2024,final,DEU,ESP,0,0,0
2024,final,DEU,AUT,0,0,0
2024,final,DEU,NOR,0,0,0
2024,final,DEU,GBR,0,0,0
2024,final,GRC,HRV,6,6,0
2024,final,GRC,ISR,7,7,0
2024,final,GRC,UKR,5,3,2
2024,final,GRC,FRA,17,10,7
2024,final,GRC,CHE,20,8,12
2024,final,GRC,IRL,2,2,0
2024,final,GRC,ITA,12,4,8
2024,final,GRC,GRC,0,0,0
2024,final,GRC,ARM,9,5,4
2024,final,GRC,LTU,0,0,0
2024,final,GRC,SWE,2,1,1
2024,final,GRC,CYP,22,12,10
2024,final,GRC,EST,0,0,0
2024,final,GRC,SRB,0,0,0
2024,final,GRC,FIN,0,0,0
2024,final,GRC,LVA,0,0,0
2024,final,GRC,LUX,3,0,3
2024,final,GRC,GEO,0,0,0
2024,final,GRC,DEU,5,0,5
2024,final,GRC,PRT,6,0,6
2024,final,GRC,SVN,0,0,0
2024,final,GRC,ESP,0,0,0
2024,final,GRC,AUT,0,0,0
2024,final,GRC,NOR,0,0,0
2024,final,GRC,GBR,0,0,0
2024,final,ISL,HRV,22,12,10
2024,final,ISL,ISR,8,8,0
2024,final,ISL,UKR,8,5,3
2024,final,ISL,FRA,22,10,12
2024,final,ISL,CHE,12,6,6
2024,final,ISL,IRL,10,3,7
2024,final,ISL,ITA,0,0,0
2024,final,ISL,GRC,0,0,0
2024,final,ISL,ARM,5,0,5
2024,final,ISL,LTU,4,4,0
2024,final,ISL,SWE,8,7,1
2024,final,ISL,CYP,0,0,0
2024,final,ISL,EST,0,0,0
2024,final,ISL,SRB,0,0,0
2024,final,ISL,FIN,1,1,0
2024,final,ISL,LVA,0,0,0
2024,final,ISL,LUX,0,0,0
2024,final,ISL,GEO,0,0,0
2024,final,ISL,DEU,4,2,2
2024,final,ISL,PRT,4,0,4
2024,final,ISL,SVN,0,0,0
2024,final,ISL,ESP,0,0,0
2024,final,ISL,AUT,0,0,0
2024,final,ISL,NOR,0,0,0
2024,final,ISL,GBR,8,0,8
2024,final,IRL,HRV,19,12,7
2024,final,IRL,ISR,10,10,0
2024,final,IRL,UKR,10,8,2
2024,final,IRL,FRA,7,4,3
2024,final,IRL,CHE,18,6,12
2024,final,IRL,IRL,0,0,0
2024,final,IRL,ITA,1,1,0
2024,final,IRL,GRC,0,0,0
2024,final,IRL,ARM,0,0,0
2024,final,IRL,LTU,7,7,0
2024,final,IRL,SWE,10,0,10
2024,final,IRL,CYP,0,0,0
2024,final,IRL,EST,0,0,0
2024,final,IRL,SRB,1,0,1
2024,final,IRL,FIN,3,3,0
2024,final,IRL,LVA,5,5,0
2024,final,IRL,LUX,8,0,8
2024,final,IRL,GEO,0,0,0
2024,final,IRL,DEU,6,0,6
2024,final,IRL,PRT,5,0,5
2024,final,IRL,SVN,0,0,0
2024,final,IRL,ESP,2,2,0
2024,final,IRL,AUT,0,0,0
2024,final,IRL,NOR,0,0,0
2024,final,IRL,GBR,4,0,4
2024,final,ISR,HRV,9,5,4
2024,final,ISR,ISR,0,0,0
2024,final,ISR,UKR,18,10,8
2024,final,ISR,FRA,3,2,1
2024,final,ISR,CHE,5,0,5
2024,final,ISR,IRL,0,0,0
2024,final,ISR,ITA,13,7,6
2024,final,ISR,GRC,0,0,0
2024,final,ISR,ARM,6,6,0
2024,final,ISR,LTU,0,0,0
2024,final,ISR,SWE,0,0,0
2024,final,ISR,CYP,1,1,0
2024,final,ISR,EST,0,0,0
2024,final,ISR,SRB,0,0,0
2024,final,ISR,FIN,0,0,0
2024,final,ISR,LVA,0,0,0
2024,final,ISR,LUX,24,12,12
2024,final,ISR,GEO,6,4,2
2024,final,ISR,DEU,18,8,10
2024,final,ISR,PRT,3,0,3
2024,final,ISR,SVN,0,0,0
2024,final,ISR,ESP,0,0,0
2024,final,ISR,AUT,10,3,7
2024,final,ISR,NOR,0,0,0
2024,final,ISR,GBR,0,0,0
2024,final,ITA,HRV,16,8,8
2024,final,ITA,ISR,12,12,0
2024,final,ITA,UKR,10,10,0
2024,final,ITA,FRA,7,6,1
2024,final,ITA,CHE,19,7,12
2024,final,ITA,IRL,13,3,10
2024,final,ITA,ITA,0,0,0
2024,final,ITA,GRC,2,2,0
2024,final,ITA,ARM,7,4,3
2024,final,ITA,LTU,0,0,0
2024,final,ITA,SWE,6,0,6
2024,final,ITA,CYP,0,0,0
2024,final,ITA,EST,2,0,2
2024,final,ITA,SRB,0,0,0
2024,final,ITA,FIN,0,0,0
2024,final,ITA,LVA,0,0,0
2024,final,ITA,LUX,0,0,0
2024,final,ITA,GEO,5,5,0
2024,final,ITA,DEU,4,0,4
2024,final,ITA,PRT,0,0,0
2024,final,ITA,SVN,0,0,0
2024,final,ITA,ESP,8,1,7
2024,final,ITA,AUT,5,0,5
2024,final,ITA,NOR,0,0,0
2024,final,ITA,GBR,0,0,0
2024,final,LVA,HRV,11,5,6
2024,final,LVA,ISR,7,7,0
2024,final,LVA,UKR,10,10,0
2024,final,LVA,FRA,16,6,10
2024,final,LVA,CHE,16,4,12
2024,final,LVA,IRL,11,3,8
2024,final,LVA,ITA,0,0,0
2024,final,LVA,GRC,3,0,3
2024,final,LVA,ARM,7,2,5
2024,final,LVA,LTU,8,8,0
2024,final,LVA,SWE,1,0,1
2024,final,LVA,CYP,0,0,0
2024,final,LVA,EST,12,12,0
2024,final,LVA,SRB,0,0,0
2024,final,LVA,FIN,1,1,0
2024,final,LVA,LVA,0,0,0
2024,final,LVA,LUX,4,0,4
2024,final,LVA,GEO,0,0,0
2024,final,LVA,DEU,7,0,7
2024,final,LVA,PRT,0,0,0
2024,final,LVA,SVN,0,0,0
2024,final,LVA,ESP,0,0,0
2024,final,LVA,AUT,0,0,0
2024,final,LVA,NOR,0,0,0
2024,final,LVA,GBR,2,0,2
2024,final,LTU,HRV,20,10,10
2024,final,LTU,ISR,7,3,4
2024,final,LTU,UKR,18,12,6
2024,final,LTU,FRA,14,7,7
2024,final,LTU,CHE,20,8,12
2024,final,LTU,IRL,8,5,3
2024,final,LTU,ITA,2,2,0
2024,final,LTU,GRC,0,0,0
2024,final,LTU,ARM,0,0,0
2024,final,LTU,LTU,0,0,0
2024,final,LTU,SWE,6,1,5
2024,final,LTU,CYP,0,0,0
2024,final,LTU,EST,6,6,0
2024,final,LTU,SRB,0,0,0
2024,final,LTU,FIN,0,0,0
2024,final,LTU,LVA,4,4,0
2024,final,LTU,LUX,0,0,0
2024,final,LTU,GEO,0,0,0
2024,final,LTU,DEU,1,0,1
2024,final,LTU,PRT,8,0,8
2024,final,LTU,SVN,0,0,0
2024,final,LTU,ESP,0,0,0
2024,final,LTU,AUT,0,0,0
2024,final,LTU,NOR,2,0,2
2024,final,LTU,GBR,0,0,0
2024,final,LUX,HRV,16,10,6
2024,final,LUX,ISR,12,12,0
2024,final,LUX,UKR,12,7,5
2024,final,LUX,FRA,18,8,10
2024,final,LUX,CHE,14,2,12
2024,final,LUX,IRL,0,0,0
2024,final,LUX,ITA,3,3,0
2024,final,LUX,GRC,5,5,0
2024,final,LUX,ARM,2,0,2
2024,final,LUX,LTU,4,4,0
2024,final,LUX,SWE,1,0,1
2024,final,LUX,CYP,7,0,7
2024,final,LUX,EST,0,0,0
2024,final,LUX,SRB,0,0,0
2024,final,LUX,FIN,0,0,0
2024,final,LUX,LVA,8,0,8
2024,final,LUX,LUX,0,0,0
2024,final,LUX,GEO,0,0,0
2024,final,LUX,DEU,5,1,4
2024,final,LUX,PRT,9,6,3
2024,final,LUX,SVN,0,0,0
2024,final,LUX,ESP,0,0,0
2024,final,LUX,AUT,0,0,0
2024,final,LUX,NOR,0,0,0
2024,final,LUX,GBR,0,0,0
2024,final,MLT,HRV,20,10,10
2024,final,MLT,ISR,8,5,3
2024,final,MLT,UKR,12,12,0
2024,final,MLT,FRA,13,7,6
2024,final,MLT,CHE,18,6,12
2024,final,MLT,IRL,11,4,7
2024,final,MLT,ITA,16,8,8
2024,final,MLT,GRC,2,2,0
2024,final,MLT,ARM,0,0,0
2024,final,MLT,LTU,0,0,0
2024,final,MLT,SWE,1,1,0
2024,final,MLT,CYP,0,0,0
2024,final,MLT,EST,0,0,0
2024,final,MLT,SRB,3,3,0
2024,final,MLT,FIN,0,0,0
2024,final,MLT,LVA,5,0,5
2024,final,MLT,LUX,4,0,4
2024,final,MLT,GEO,0,0,0
2024,final,MLT,DEU,0,0,0
2024,final,MLT,PRT,1,0,1
2024,final,MLT,SVN,0,0,0
2024,final,MLT,ESP,0,0,0
2024,final,MLT,AUT,0,0,0
2024,final,MLT,NOR,0,0,0
2024,final,MLT,GBR,0,0,0
2024,final,MDA,HRV,15,7,8
2024,final,MDA,ISR,13,10,3
2024,final,MDA,UKR,24,12,12
2024,final,MDA,FRA,12,6,6
2024,final,MDA,CHE,12,5,7
2024,final,MDA,IRL,2,2,0
2024,final,MDA,ITA,14,4,10
2024,final,MDA,GRC,3,3,0
2024,final,MDA,ARM,1,1,0
2024,final,MDA,LTU,5,0,5
2024,final,MDA,SWE,9,8,1
2024,final,MDA,CYP,0,0,0
2024,final,MDA,EST,0,0,0
2024,final,MDA,SRB,0,0,0
2024,final,MDA,FIN,0,0,0
2024,final,MDA,LVA,0,0,0
2024,final,MDA,LUX,2,0,2
2024,final,MDA,GEO,0,0,0
2024,final,MDA,DEU,0,0,0
2024,final,MDA,PRT,4,0,4
2024,final,MDA,SVN,0,0,0
2024,final,MDA,ESP,0,0,0
2024,final,MDA,AUT,0,0,0
2024,final,MDA,NOR,0,0,0
2024,final,MDA,GBR,0,0,0
2024,final,NLD,HRV,17,10,7
2024,final,NLD,ISR,12,12,0
2024,final,NLD,UKR,10,8,2
2024,final,NLD,FRA,15,5,10
2024,final,NLD,CHE,19,7,12
2024,final,NLD,IRL,6,6,0
2024,final,NLD,ITA,8,2,6
2024,final,NLD,GRC,4,4,0
2024,final,NLD,ARM,6,3,3
2024,final,NLD,LTU,5,1,4
2024,final,NLD,SWE,0,0,0
2024,final,NLD,CYP,0,0,0
2024,final,NLD,EST,0,0,0
2024,final,NLD,SRB,0,0,0
2024,final,NLD,FIN,0,0,0
2024,final,NLD,LVA,1,0,1
2024,final,NLD,LUX,0,0,0
2024,final,NLD,GEO,0,0,0
2024,final,NLD,DEU,5,0,5
2024,final,NLD,PRT,8,0,8
2024,final,NLD,SVN,0,0,0
2024,final,NLD,ESP,0,0,0
2024,final,NLD,AUT,0,0,0
2024,final,NLD,NOR,0,0,0
2024,final,NLD,GBR,0,0,0
2024,final,NOR,HRV,12,12,0
2024,final,NOR,ISR,13,5,8
2024,final,NOR,UKR,12,8,4
2024,final,NOR,FRA,17,7,10
2024,final,NOR,CHE,18,6,12
2024,final,NOR,IRL,4,4,0
2024,final,NOR,ITA,5,0,5
2024,final,NOR,GRC,2,0,2
2024,final,NOR,ARM,7,0,7
2024,final,NOR,LTU,3,3,0
2024,final,NOR,SWE,13,10,3
2024,final,NOR,CYP,0,0,0
2024,final,NOR,EST,0,0,0
2024,final,NOR,SRB,0,0,0
2024,final,NOR,FIN,1,1,0
2024,final,NOR,LVA,2,2,0
2024,final,NOR,LUX,0,0,0
2024,final,NOR,GEO,1,0,1
2024,final,NOR,DEU,6,0,6
2024,final,NOR,PRT,0,0,0
2024,final,NOR,SVN,0,0,0
2024,final,NOR,ESP,0,0,0
2024,final,NOR,AUT,0,0,0
2024,final,NOR,NOR,0,0,0
2024,final,NOR,GBR,0,0,0
2024,final,POL,HRV,18,10,8
2024,final,POL,ISR,5,5,0
2024,final,POL,UKR,22,12,10
2024,final,POL,FRA,10,7,3
2024,final,POL,CHE,20,8,12
2024,final,POL,IRL,7,6,1
2024,final,POL,ITA,11,4,7
2024,final,POL,GRC,0,0,0
2024,final,POL,ARM,0,0,0
2024,final,POL,LTU,3,3,0
2024,final,POL,SWE,7,2,5
2024,final,POL,CYP,0,0,0
2024,final,POL,EST,0,0,0
2024,final,POL,SRB,0,0,0
2024,final,POL,FIN,1,1,0
2024,final,POL,LVA,2,0,2
2024,final,POL,LUX,0,0,0
2024,final,POL,GEO,0,0,0
2024,final,POL,DEU,4,0,4
2024,final,POL,PRT,6,0,6
2024,final,POL,SVN,0,0,0
2024,final,POL,ESP,0,0,0
2024,final,POL,AUT,0,0,0
2024,final,POL,NOR,0,0,0
2024,final,POL,GBR,0,0,0
2024,final,PRT,HRV,7,7,0
2024,final,PRT,ISR,12,12,0
2024,final,PRT,UKR,16,10,6
2024,final,PRT,FRA,8,8,0
2024,final,PRT,CHE,18,6,12
2024,final,PRT,IRL,15,5,10
2024,final,PRT,ITA,9,4,5
2024,final,PRT,GRC,0,0,0
2024,final,PRT,ARM,10,2,8
2024,final,PRT,LTU,7,0,7
2024,final,PRT,SWE,3,0,3
2024,final,PRT,CYP,1,1,0
2024,final,PRT,EST,0,0,0
2024,final,PRT,SRB,1,0,1
2024,final,PRT,FIN,0,0,0
2024,final,PRT,LVA,0,0,0
2024,final,PRT,LUX,0,0,0
2024,final,PRT,GEO,0,0,0
2024,final,PRT,DEU,2,0,2
2024,final,PRT,PRT,0,0,0
2024,final,PRT,SVN,0,0,0
2024,final,PRT,ESP,0,0,0
2024,final,PRT,AUT,0,0,0
2024,final,PRT,NOR,0,0,0
2024,final,PRT,GBR,4,0,4
2024,final,SMR,HRV,8,8,0
2024,final,SMR,ISR,12,12,0
2024,final,SMR,UKR,10,10,0
2024,final,SMR,FRA,6,6,0
2024,final,SMR,CHE,17,5,12
2024,final,SMR,IRL,9,2,7
2024,final,SMR,ITA,13,3,10
2024,final,SMR,GRC,7,7,0
2024,final,SMR,ARM,8,0,8
2024,final,SMR,LTU,1,1,0
2024,final,SMR,SWE,2,0,2
2024,final,SMR,CYP,7,4,3
2024,final,SMR,EST,0,0,0
2024,final,SMR,SRB,0,0,0
2024,final,SMR,FIN,4,0,4
2024,final,SMR,LVA,0,0,0
2024,final,SMR,LUX,0,0,0
2024,final,SMR,GEO,0,0,0
2024,final,SMR,DEU,1,0,1
2024,final,SMR,PRT,5,0,5
2024,final,SMR,SVN,0,0,0
2024,final,SMR,ESP,6,0,6
2024,final,SMR,AUT,0,0,0
2024,final,SMR,NOR,0,0,0
2024,final,SMR,GBR,0,0,0
2024,final,SRB,HRV,24,12,12
2024,final,SRB,ISR,3,3,0
2024,final,SRB,UKR,1,0,1
2024,final,SRB,FRA,18,10,8
2024,final,SRB,CHE,16,6,10
2024,final,SRB,IRL,9,7,2
2024,final,SRB,ITA,10,4,6
2024,final,SRB,GRC,11,8,3
2024,final,SRB,ARM,1,1,0
2024,final,SRB,LTU,7,0,7
2024,final,SRB,SWE,10,5,5
2024,final,SRB,CYP,0,0,0
2024,final,SRB,EST,0,0,0
2024,final,SRB,SRB,0,0,0
2024,final,SRB,FIN,0,0,0
2024,final,SRB,LVA,0,0,0
2024,final,SRB,LUX,0,0,0
2024,final,SRB,GEO,0,0,0
2024,final,SRB,DEU,0,0,0
2024,final,SRB,PRT,0,0,0
2024,final,SRB,SVN,2,2,0
2024,final,SRB,ESP,0,0,0
2024,final,SRB,AUT,0,0,0
2024,final,SRB,NOR,0,0,0
2024,final,SRB,GBR,4,0,4
2024,final,SVN,HRV,18,12,6
2024,final,SVN,ISR,10,10,0
2024,final,SVN,UKR,8,8,0
2024,final,SVN,FRA,19,7,12
2024,final,SVN,CHE,14,4,10
2024,final,SVN,IRL,3,2,1
2024,final,SVN,ITA,6,3,3
2024,final,SVN,GRC,2,0,2
2024,final,SVN,ARM,7,0,7
2024,final,SVN,LTU,0,0,0
2024,final,SVN,SWE,1,1,0
2024,final,SVN,CYP,6,6,0
2024,final,SVN,EST,0,0,0
2024,final,SVN,SRB,9,5,4
2024,final,SVN,FIN,0,0,0
2024,final,SVN,LVA,0,0,0
2024,final,SVN,LUX,5,0,5
2024,final,SVN,GEO,0,0,0
2024,final,SVN,DEU,0,0,0
2024,final,SVN,PRT,8,0,8
2024,final,SVN,SVN,0,0,0
2024,final,SVN,ESP,0,0,0
2024,final,SVN,AUT,0,0,0
2024,final,SVN,NOR,0,0,0
2024,final,SVN,GBR,0,0,0
2024,final,ESP,HRV,8,8,0
2024,final,ESP,ISR,12,12,0
2024,final,ESP,UKR,10,10,0
2024,final,ESP,FRA,12,5,7
2024,final,ESP,CHE,18,6,12
2024,final,ESP,IRL,17,7,10
2024,final,ESP,ITA,5,4,1
2024,final,ESP,GRC,2,2,0
2024,final,ESP,ARM,3,3,0
2024,final,ESP,LTU,1,1,0
2024,final,ESP,SWE,8,0,8
2024,final,ESP,CYP,0,0,0
2024,final,ESP,EST,0,0,0
2024,final,ESP,SRB,0,0,0
2024,final,ESP,FIN,0,0,0
2024,final,ESP,LVA,4,0,4
2024,final,ESP,LUX,0,0,0
2024,final,ESP,GEO,0,0,0
2024,final,ESP,DEU,5,0,5
2024,final,ESP,PRT,3,0,3
2024,final,ESP,SVN,0,0,0
2024,final,ESP,ESP,0,0,0
2024,final,ESP,AUT,6,0,6
2024,final,ESP,NOR,0,0,0
2024,final,ESP,GBR,2,0,2
2024,final,SWE,HRV,20,10,10
2024,final,SWE,ISR,12,12,0
2024,final,SWE,UKR,11,8,3
2024,final,SWE,FRA,11,6,5
2024,final,SWE,CHE,19,7,12
2024,final,SWE,IRL,4,4,0
2024,final,SWE,ITA,8,1,7
2024,final,SWE,GRC,0,0,0
2024,final,SWE,ARM,2,2,0
2024,final,SWE,LTU,3,3,0
2024,final,SWE,SWE,0,0,0
2024,final,SWE,CYP,2,0,2
2024,final,SWE,EST,0,0,0
2024,final,SWE,SRB,0,0,0
2024,final,SWE,FIN,5,5,0
2024,final,SWE,LVA,0,0,0
2024,final,SWE,LUX,6,0,6
2024,final,SWE,GEO,0,0,0
2024,final,SWE,DEU,0,0,0
2024,final,SWE,PRT,4,0,4
2024,final,SWE,SVN,0,0,0
2024,final,SWE,ESP,0,0,0
2024,final,SWE,AUT,1,0,1
2024,final,SWE,NOR,0,0,0
2024,final,SWE,GBR,8,0,8
2024,final,CHE,HRV,18,10,8
2024,final,CHE,ISR,12,12,0
2024,final,CHE,UKR,8,6,2
2024,final,CHE,FRA,12,7,5
2024,final,CHE,CHE,0,0,0
2024,final,CHE,IRL,10,0,10
2024,final,CHE,ITA,14,8,6
2024,final,CHE,GRC,16,4,12
2024,final,CHE,ARM,5,1,4
2024,final,CHE,LTU,0,0,0
2024,final,CHE,SWE,0,0,0
2024,final,CHE,CYP,0,0,0
2024,final,CHE,EST,0,0,0
2024,final,CHE,SRB,5,5,0
2024,final,CHE,FIN,0,0,0
2024,final,CHE,LVA,0,0,0
2024,final,CHE,LUX,0,0,0
2024,final,CHE,GEO,0,0,0
2024,final,CHE,DEU,3,3,0
2024,final,CHE,PRT,9,2,7
2024,final,CHE,SVN,0,0,0
2024,final,CHE,ESP,1,0,1
2024,final,CHE,AUT,0,0,0
2024,final,CHE,NOR,0,0,0
2024,final,CHE,GBR,3,0,3
2024,final,UKR,HRV,14,10,4
2024,final,UKR,ISR,0,0,0
2024,final,UKR,UKR,0,0,0
2024,final,UKR,FRA,12,6,6
2024,final,UKR,CHE,24,12,12
2024,final,UKR,IRL,18,8,10
2024,final,UKR,ITA,2,0,2
2024,final,UKR,GRC,0,0,0
2024,final,UKR,ARM,1,1,0
2024,final,UKR,LTU,12,7,5
2024,final,UKR,SWE,8,0,8
2024,final,UKR,CYP,0,0,0
2024,final,UKR,EST,4,4,0
2024,final,UKR,SRB,0,0,0
2024,final,UKR,FIN,2,2,0
2024,final,UKR,LVA,5,5,0
2024,final,UKR,LUX,1,0,1
2024,final,UKR,GEO,0,0,0
2024,final,UKR,DEU,7,0,7
2024,final,UKR,PRT,3,0,3
2024,final,UKR,SVN,0,0,0
2024,final,UKR,ESP,0,0,0
2024,final,UKR,AUT,0,0,0
2024,final,UKR,NOR,0,0,0
2024,final,UKR,GBR,0,0,0
2024,final,GBR,HRV,15,7,8
2024,final,GBR,ISR,12,12,0
2024,final,GBR,UKR,6,6,0
2024,final,GBR,FRA,2,2,0
2024,final,GBR,CHE,15,5,10
2024,final,GBR,IRL,17,10,7
2024,final,GBR,ITA,5,0,5
2024,final,GBR,GRC,1,1,0
2024,final,GBR,ARM,0,0,0
2024,final,GBR,LTU,8,8,0
2024,final,GBR,SWE,6,0,6
2024,final,GBR,CYP,0,0,0
2024,final,GBR,EST,0,0,0
2024,final,GBR,SRB,0,0,0
2024,final,GBR,FIN,3,3,0
2024,final,GBR,LVA,7,4,3
2024,final,GBR,LUX,4,0,4
2024,final,GBR,GEO,0,0,0
2024,final,GBR,DEU,2,0,2
2024,final,GBR,PRT,12,0,12
2024,final,GBR,SVN,0,0,0
2024,final,GBR,ESP,0,0,0
2024,final,GBR,AUT,0,0,0
2024,final,GBR,NOR,0,0,0
2024,final,GBR,GBR,0,0,0
2025,final,ALB,ISR,12,7,5
2025,final,ALB,EST,5,5,0
2025,final,ALB,SWE,6,2,4
2025,final,ALB,AUT,13,6,7
2025,final,ALB,ALB,0,0,0
2025,final,ALB,UKR,0,0,0
2025,final,ALB,POL,0,0,0
2025,final,ALB,GRC,18,12,6
2025,final,ALB,FIN,0,0,0
2025,final,ALB,ITA,10,10,0
2025,final,ALB,DEU,4,4,0
2025,final,ALB,NOR,0,0,0
2025,final,ALB,LTU,0,0,0
2025,final,ALB,FRA,12,0,12
2025,final,ALB,NLD,4,1,3
2025,final,ALB,LVA,0,0,0
2025,final,ALB,ISL,0,0,0
2025,final,ALB,ARM,0,0,0
2025,final,ALB,LUX,8,8,0
2025,final,ALB,SMR,5,3,2
2025,final,ALB,PRT,1,0,1
2025,final,ALB,ESP,10,0,10
2025,final,ALB,MLT,0,0,0
2025,final,ALB,DNK,0,0,0
2025,final,ALB,CHE,8,0,8
2025,final,ALB,GBR,0,0,0
2025,final,ARM,ISR,0,0,0
2025,final,ARM,EST,14,12,2
2025,final,ARM,SWE,12,6,6
2025,final,ARM,AUT,15,7,8
2025,final,ARM,ALB,3,3,0
2025,final,ARM,UKR,4,0,4
2025,final,ARM,POL,0,0,0
2025,final,ARM,GRC,8,8,0
2025,final,ARM,FIN,11,1,10
2025,final,ARM,ITA,0,0,0
2025,final,ARM,DEU,5,5,0
2025,final,ARM,NOR,4,4,0
2025,final,ARM,LTU,0,0,0
2025,final,ARM,FRA,22,10,12
2025,final,ARM,NLD,5,2,3
2025,final,ARM,LVA,1,0,1
2025,final,ARM,ISL,0,0,0
2025,final,ARM,ARM,0,0,0
2025,final,ARM,LUX,0,0,0
2025,final,ARM,SMR,0,0,0
2025,final,ARM,PRT,0,0,0
2025,final,ARM,ESP,0,0,0
2025,final,ARM,MLT,5,0,5
2025,final,ARM,DNK,0,0,0
2025,final,ARM,CHE,7,0,7
2025,final,ARM,GBR,0,0,0
2025,final,AUS,ISR,12,12,0
2025,final,AUS,EST,9,6,3
2025,final,AUS,SWE,14,8,6
2025,final,AUS,AUT,10,3,7
2025,final,AUS,ALB,4,4,0
2025,final,AUS,UKR,0,0,0
2025,final,AUS,POL,6,1,5
2025,final,AUS,GRC,19,7,12
2025,final,AUS,FIN,12,10,2
2025,final,AUS,ITA,0,0,0
2025,final,AUS,DEU,0,0,0
2025,final,AUS,NOR,0,0,0
2025,final,AUS,LTU,0,0,0
2025,final,AUS,FRA,0,0,0
2025,final,AUS,NLD,0,0,0
2025,final,AUS,LVA,12,2,10
2025,final,AUS,ISL,0,0,0
2025,final,AUS,ARM,0,0,0
2025,final,AUS,LUX,0,0,0
2025,final,AUS,SMR,0,0,0
2025,final,AUS,PRT,0,0,0
2025,final,AUS,ESP,0,0,0
2025,final,AUS,MLT,13,5,8
2025,final,AUS,DNK,4,0,4
2025,final,AUS,CHE,1,0,1
2025,final,AUS,GBR,0,0,0
2025,final,AUT,ISR,7,7,0
2025,final,AUT,EST,11,8,3
2025,final,AUT,SWE,9,4,5
2025,final,AUT,AUT,0,0,0
2025,final,AUT,ALB,6,6,0
2025,final,AUT,UKR,0,0,0
2025,final,AUT,POL,5,5,0
2025,final,AUT,GRC,0,0,0
2025,final,AUT,FIN,14,2,12
2025,final,AUT,ITA,10,10,0
2025,final,AUT,DEU,12,12,0
2025,final,AUT,NOR,0,0,0
2025,final,AUT,LTU,0,0,0
2025,final,AUT,FRA,6,0,6
2025,final,AUT,NLD,5,3,2
2025,final,AUT,LVA,4,0,4
2025,final,AUT,ISL,1,1,0
2025,final,AUT,ARM,0,0,0
2025,final,AUT,LUX,1,0,1
2025,final,AUT,SMR,0,0,0
2025,final,AUT,PRT,0,0,0
2025,final,AUT,ESP,0,0,0
2025,final,AUT,MLT,10,0,10
2025,final,AUT,DNK,8,0,8
2025,final,AUT,CHE,0,0,0
2025,final,AUT,GBR,7,0,7
2025,final,AZE,ISR,24,12,12
2025,final,AZE,EST,15,8,7
2025,final,AZE,SWE,3,3,0
2025,final,AZE,AUT,10,10,0
2025,final,AZE,ALB,7,7,0
2025,final,AZE,UKR,12,4,8
2025,final,AZE,POL,4,0,4
2025,final,AZE,GRC,0,0,0
2025,final,AZE,FIN,5,5,0
2025,final,AZE,ITA,10,0,10
2025,final,AZE,DEU,2,0,2
2025,final,AZE,NOR,6,6,0
2025,final,AZE,LTU,0,0,0
2025,final,AZE,FRA,2,2,0
2025,final,AZE,NLD,3,0,3
2025,final,AZE,LVA,0,0,0
2025,final,AZE,ISL,0,0,0
2025,final,AZE,ARM,0,0,0
2025,final,AZE,LUX,0,0,0
2025,final,AZE,SMR,0,0,0
2025,final,AZE,PRT,6,0,6
2025,final,AZE,ESP,5,0,5
2025,final,AZE,MLT,1,1,0
2025,final,AZE,DNK,0,0,0
2025,final,AZE,CHE,1,0,1
2025,final,AZE,GBR,0,0,0
2025,final,BEL,ISR,12,12,0
2025,final,BEL,EST,12,2,10
2025,final,BEL,SWE,10,4,6
2025,final,BEL,AUT,15,3,12
2025,final,BEL,ALB,7,7,0
2025,final,BEL,UKR,0,0,0
2025,final,BEL,POL,12,10,2
2025,final,BEL,GRC,6,6,0
2025,final,BEL,FIN,4,0,4
2025,final,BEL,ITA,6,1,5
2025,final,BEL,DEU,1,0,1
2025,final,BEL,NOR,0,0,0
2025,final,BEL,LTU,0,0,0
2025,final,BEL,FRA,8,8,0
2025,final,BEL,NLD,8,5,3
2025,final,BEL,LVA,7,0,7
2025,final,BEL,ISL,0,0,0
2025,final,BEL,ARM,0,0,0
2025,final,BEL,LUX,0,0,0
2025,final,BEL,SMR,0,0,0
2025,final,BEL,PRT,0,0,0
2025,final,BEL,ESP,0,0,0
2025,final,BEL,MLT,0,0,0
2025,final,BEL,DNK,0,0,0
2025,final,BEL,CHE,8,0,8
2025,final,BEL,GBR,0,0,0
2025,final,HRV,ISR,6,0,6
2025,final,HRV,EST,17,12,5
2025,final,HRV,SWE,11,8,3
2025,final,HRV,AUT,15,5,10
2025,final,HRV,ALB,10,10,0
2025,final,HRV,UKR,4,2,2
2025,final,HRV,POL,0,0,0
2025,final,HRV,GRC,4,0,4
2025,final,HRV,FIN,7,7,0
2025,final,HRV,ITA,18,6,12
2025,final,HRV,DEU,3,3,0
2025,final,HRV,NOR,5,4,1
2025,final,HRV,LTU,0,0,0
2025,final,HRV,FRA,0,0,0
2025,final,HRV,NLD,0,0,0
2025,final,HRV,LVA,7,0,7
2025,final,HRV,ISL,1,1,0
2025,final,HRV,ARM,0,0,0
2025,final,HRV,LUX,0,0,0
2025,final,HRV,SMR,0,0,0
2025,final,HRV,PRT,0,0,0
2025,final,HRV,ESP,0,0,0
2025,final,HRV,MLT,0,0,0
2025,final,HRV,DNK,0,0,0
2025,final,HRV,CHE,8,0,8
2025,final,HRV,GBR,0,0,0
2025,final,CYP,ISR,15,10,5
2025,final,CYP,EST,7,7,0
2025,final,CYP,SWE,2,0,2
2025,final,CYP,AUT,13,6,7
2025,final,CYP,ALB,4,0,4
2025,final,CYP,UKR,8,8,0
2025,final,CYP,POL,4,4,0
2025,final,CYP,GRC,24,12,12
2025,final,CYP,FIN,0,0,0
2025,final,CYP,ITA,3,0,3
2025,final,CYP,DEU,0,0,0
2025,final,CYP,NOR,5,5,0
2025,final,CYP,LTU,0,0,0
2025,final,CYP,FRA,13,3,10
2025,final,CYP,NLD,9,1,8
2025,final,CYP,LVA,0,0,0
2025,final,CYP,ISL,0,0,0
2025,final,CYP,ARM,2,2,0
2025,final,CYP,LUX,0,0,0
2025,final,CYP,SMR,1,0,1
2025,final,CYP,PRT,0,0,0
2025,final,CYP,ESP,0,0,0
2025,final,CYP,MLT,0,0,0
2025,final,CYP,DNK,0,0,0
2025,final,CYP,CHE,6,0,6
2025,final,CYP,GBR,0,0,0
2025,final,CZE,ISR,10,10,0
2025,final,CZE,EST,6,6,0
2025,final,CZE,SWE,7,7,0
2025,final,CZE,AUT,4,4,0
2025,final,CZE,ALB,5,5,0
2025,final,CZE,UKR,12,12,0
2025,final,CZE,POL,8,8,0
2025,final,CZE,GRC,0,0,0
2025,final,CZE,FIN,3,3,0
2025,final,CZE,ITA,3,0,3
2025,final,CZE,DEU,13,1,12
2025,final,CZE,NOR,8,2,6
2025,final,CZE,LTU,5,0,5
2025,final,CZE,FRA,8,0,8
2025,final,CZE,NLD,7,0,7
2025,final,CZE,LVA,0,0,0
2025,final,CZE,ISL,0,0,0
2025,final,CZE,ARM,0,0,0
2025,final,CZE,LUX,0,0,0
2025,final,CZE,SMR,0,0,0
2025,final,CZE,PRT,4,0,4
2025,final,CZE,ESP,0,0,0
2025,final,CZE,MLT,2,0,2
2025,final,CZE,DNK,1,0,1
2025,final,CZE,CHE,0,0,0
2025,final,CZE,GBR,10,0,10
2025,final,DNK,ISR,11,8,3
2025,final,DNK,EST,6,6,0
2025,final,DNK,SWE,19,12,7
2025,final,DNK,AUT,8,3,5
2025,final,DNK,ALB,0,0,0
2025,final,DNK,UKR,6,4,2
2025,final,DNK,POL,7,7,0
2025,final,DNK,GRC,0,0,0
2025,final,DNK,FIN,11,5,6
2025,final,DNK,ITA,8,0,8
2025,final,DNK,DEU,1,1,0
2025,final,DNK,NOR,0,0,0
2025,final,DNK,LTU,2,2,0
2025,final,DNK,FRA,0,0,0
2025,final,DNK,NLD,0,0,0
2025,final,DNK,LVA,12,0,12
2025,final,DNK,ISL,10,10,0
2025,final,DNK,ARM,1,0,1
2025,final,DNK,LUX,0,0,0
2025,final,DNK,SMR,0,0,0
2025,final,DNK,PRT,0,0,0
2025,final,DNK,ESP,0,0,0
2025,final,DNK,MLT,0,0,0
2025,final,DNK,DNK,0,0,0
2025,final,DNK,CHE,10,0,10
2025,final,DNK,GBR,4,0,4
2025,final,EST,ISR,2,2,0
2025,final,EST,EST,0,0,0
2025,final,EST,SWE,20,12,8
2025,final,EST,AUT,7,0,7
2025,final,EST,ALB,0,0,0
2025,final,EST,UKR,6,6,0
2025,final,EST,POL,2,0,2
2025,final,EST,GRC,0,0,0
2025,final,EST,FIN,20,10,10
2025,final,EST,ITA,11,7,4
2025,final,EST,DEU,3,3,0
2025,final,EST,NOR,0,0,0
2025,final,EST,LTU,1,1,0
2025,final,EST,FRA,6,0,6
2025,final,EST,NLD,5,4,1
2025,final,EST,LVA,11,8,3
2025,final,EST,ISL,5,5,0
2025,final,EST,ARM,0,0,0
2025,final,EST,LUX,0,0,0
2025,final,EST,SMR,0,0,0
2025,final,EST,PRT,0,0,0
2025,final,EST,ESP,0,0,0
2025,final,EST,MLT,0,0,0
2025,final,EST,DNK,0,0,0
2025,final,EST,CHE,12,0,12
2025,final,EST,GBR,5,0,5
2025,final,FIN,ISR,12,10,2
2025,final,FIN,EST,12,8,4
2025,final,FIN,SWE,22,12,10
2025,final,FIN,AUT,19,7,12
2025,final,FIN,ALB,4,4,0
2025,final,FIN,UKR,2,2,0
2025,final,FIN,POL,0,0,0
2025,final,FIN,GRC,3,0,3
2025,final,FIN,FIN,0,0,0
2025,final,FIN,ITA,0,0,0
2025,final,FIN,DEU,6,5,1
2025,final,FIN,NOR,0,0,0
2025,final,FIN,LTU,1,1,0
2025,final,FIN,FRA,8,0,8
2025,final,FIN,NLD,0,0,0
2025,final,FIN,LVA,3,3,0
2025,final,FIN,ISL,6,6,0
2025,final,FIN,ARM,0,0,0
2025,final,FIN,LUX,0,0,0
2025,final,FIN,SMR,0,0,0
2025,final,FIN,PRT,0,0,0
2025,final,FIN,ESP,0,0,0
2025,final,FIN,MLT,7,0,7
2025,final,FIN,DNK,0,0,0
2025,final,FIN,CHE,6,0,6
2025,final,FIN,GBR,5,0,5
2025,final,FRA,ISR,19,12,7
2025,final,FRA,EST,0,0,0
2025,final,FRA,SWE,0,0,0
2025,final,FRA,AUT,6,2,4
2025,final,FRA,ALB,22,10,12
2025,final,FRA,UKR,6,6,0
2025,final,FRA,POL,8,7,1
2025,final,FRA,GRC,12,4,8
2025,final,FRA,FIN,0,0,0
2025,final,FRA,ITA,9,3,6
2025,final,FRA,DEU,0,0,0
2025,final,FRA,NOR,0,0,0
2025,final,FRA,LTU,0,0,0
2025,final,FRA,FRA,0,0,0
2025,final,FRA,NLD,3,0,3
2025,final,FRA,LVA,0,0,0
2025,final,FRA,ISL,0,0,0
2025,final,FRA,ARM,18,8,10
2025,final,FRA,LUX,1,1,0
2025,final,FRA,SMR,0,0,0
2025,final,FRA,PRT,5,5,0
2025,final,FRA,ESP,5,0,5
2025,final,FRA,MLT,0,0,0
2025,final,FRA,DNK,0,0,0
2025,final,FRA,CHE,2,0,2
2025,final,FRA,GBR,0,0,0
2025,final,GEO,ISR,8,7,1
2025,final,GEO,EST,8,8,0
2025,final,GEO,SWE,1,1,0
2025,final,GEO,AUT,5,5,0
2025,final,GEO,ALB,3,3,0
2025,final,GEO,UKR,16,10,6
2025,final,GEO,POL,0,0,0
2025,final,GEO,GRC,5,0,5
2025,final,GEO,FIN,0,0,0
2025,final,GEO,ITA,12,0,12
2025,final,GEO,DEU,4,2,2
2025,final,GEO,NOR,4,4,0
2025,final,GEO,LTU,6,6,0
2025,final,GEO,FRA,0,0,0
2025,final,GEO,NLD,7,0,7
2025,final,GEO,LVA,8,0,8
2025,final,GEO,ISL,0,0,0
2025,final,GEO,ARM,15,12,3
2025,final,GEO,LUX,0,0,0
2025,final,GEO,SMR,0,0,0
2025,final,GEO,PRT,0,0,0
2025,final,GEO,ESP,0,0,0
2025,final,GEO,MLT,0,0,0
2025,final,GEO,DNK,10,0,10
2025,final,GEO,CHE,4,0,4
2025,final,GEO,GBR,0,0,0
2025,final,DEU,ISR,15,12,3
2025,final,DEU,EST,4,4,0
2025,final,DEU,SWE,9,5,4
2025,final,DEU,AUT,18,6,12
2025,final,DEU,ALB,8,8,0
2025,final,DEU,UKR,3,3,0
2025,final,DEU,POL,9,7,2
2025,final,DEU,GRC,16,10,6
2025,final,DEU,FIN,0,0,0
2025,final,DEU,ITA,7,2,5
2025,final,DEU,DEU,0,0,0
2025,final,DEU,NOR,1,0,1
2025,final,DEU,LTU,0,0,0
2025,final,DEU,FRA,10,0,10
2025,final,DEU,NLD,0,0,0
2025,final,DEU,LVA,0,0,0
2025,final,DEU,ISL,1,1,0
2025,final,DEU,ARM,0,0,0
2025,final,DEU,LUX,0,0,0
2025,final,DEU,SMR,0,0,0
2025,final,DEU,PRT,0,0,0
2025,final,DEU,ESP,0,0,0
2025,final,DEU,MLT,8,0,8
2025,final,DEU,DNK,0,0,0
2025,final,DEU,CHE,7,0,7
2025,final,DEU,GBR,0,0,0
2025,final,GRC,ISR,8,7,1
2025,final,GRC,EST,8,8,0
2025,final,GRC,SWE,8,1,7
2025,final,GRC,AUT,20,10,10
2025,final,GRC,ALB,14,12,2
2025,final,GRC,UKR,0,0,0
2025,final,GRC,POL,0,0,0
2025,final,GRC,GRC,0,0,0
2025,final,GRC,FIN,0,0,0
2025,final,GRC,ITA,4,0,4
2025,final,GRC,DEU,8,3,5
2025,final,GRC,NOR,4,4,0
2025,final,GRC,LTU,0,0,0
2025,final,GRC,FRA,17,5,12
2025,final,GRC,NLD,14,6,8
2025,final,GRC,LVA,0,0,0
2025,final,GRC,ISL,0,0,0
2025,final,GRC,ARM,5,2,3
2025,final,GRC,LUX,0,0,0
2025,final,GRC,SMR,0,0,0
2025,final,GRC,PRT,0,0,0
2025,final,GRC,ESP,0,0,0
2025,final,GRC,MLT,0,0,0
2025,final,GRC,DNK,0,0,0
2025,final,GRC,CHE,6,0,6
2025,final,GRC,GBR,0,0,0
2025,final,ISL,ISR,4,4,0
2025,final,ISL,EST,10,7,3
2025,final,ISL,SWE,22,10,12
2025,final,ISL,AUT,11,3,8
2025,final,ISL,ALB,0,0,0
2025,final,ISL,UKR,0,0,0
2025,final,ISL,POL,12,12,0
2025,final,ISL,GRC,0,0,0
2025,final,ISL,FIN,6,5,1
2025,final,ISL,ITA,2,0,2
2025,final,ISL,DEU,1,1,0
2025,final,ISL,NOR,14,8,6
2025,final,ISL,LTU,0,0,0
2025,final,ISL,FRA,4,0,4
2025,final,ISL,NLD,16,6,10
2025,final,ISL,LVA,0,0,0
2025,final,ISL,ISL,0,0,0
2025,final,ISL,ARM,0,0,0
2025,final,ISL,LUX,0,0,0
2025,final,ISL,SMR,0,0,0
2025,final,ISL,PRT,0,0,0
2025,final,ISL,ESP,0,0,0
2025,final,ISL,MLT,0,0,0
2025,final,ISL,DNK,2,2,0
2025,final,ISL,CHE,7,0,7
2025,final,ISL,GBR,5,0,5
2025,final,IRL,ISR,17,10,7
2025,final,IRL,EST,6,6,0
2025,final,IRL,SWE,7,2,5
2025,final,IRL,AUT,16,4,12
2025,final,IRL,ALB,0,0,0
2025,final,IRL,UKR,7,7,0
2025,final,IRL,POL,12,12,0
2025,final,IRL,GRC,3,0,3
2025,final,IRL,FIN,9,5,4
2025,final,IRL,ITA,0,0,0
2025,final,IRL,DEU,0,0,0
2025,final,IRL,NOR,0,0,0
2025,final,IRL,LTU,8,8,0
2025,final,IRL,FRA,8,0,8
2025,final,IRL,NLD,10,0,10
2025,final,IRL,LVA,3,3,0
2025,final,IRL,ISL,0,0,0
2025,final,IRL,ARM,1,0,1
2025,final,IRL,LUX,0,0,0
2025,final,IRL,SMR,0,0,0
2025,final,IRL,PRT,0,0,0
2025,final,IRL,ESP,1,1,0
2025,final,IRL,MLT,6,0,6
2025,final,IRL,DNK,0,0,0
2025,final,IRL,CHE,0,0,0
2025,final,IRL,GBR,2,0,2
2025,final,ISR,ISR,0,0,0
2025,final,ISR,EST,10,10,0
2025,final,ISR,SWE,2,2,0
2025,final,ISR,AUT,14,8,6
2025,final,ISR,ALB,0,0,0
2025,final,ISR,UKR,16,12,4
2025,final,ISR,POL,1,0,1
2025,final,ISR,GRC,19,7,12
2025,final,ISR,FIN,1,1,0
2025,final,ISR,ITA,3,0,3
2025,final,ISR,DEU,15,5,10
2025,final,ISR,NOR,0,0,0
2025,final,ISR,LTU,0,0,0
2025,final,ISR,FRA,4,4,0
2025,final,ISR,NLD,0,0,0
2025,final,ISR,LVA,7,0,7
2025,final,ISR,ISL,0,0,0
2025,final,ISR,ARM,11,6,5
2025,final,ISR,LUX,5,3,2
2025,final,ISR,SMR,0,0,0
2025,final,ISR,PRT,0,0,0
2025,final,ISR,ESP,0,0,0
2025,final,ISR,MLT,8,0,8
2025,final,ISR,DNK,0,0,0
2025,final,ISR,CHE,0,0,0
2025,final,ISR,GBR,0,0,0
2025,final,ITA,ISR,8,8,0
2025,final,ITA,EST,17,7,10
2025,final,ITA,SWE,5,5,0
2025,final,ITA,AUT,4,4,0
2025,final,ITA,ALB,13,10,3
2025,final,ITA,UKR,8,6,2
2025,final,ITA,POL,3,3,0
2025,final,ITA,GRC,2,2,0
2025,final,ITA,FIN,1,0,1
2025,final,ITA,ITA,0,0,0
2025,final,ITA,DEU,8,0,8
2025,final,ITA,NOR,1,1,0
2025,final,ITA,LTU,0,0,0
2025,final,ITA,FRA,0,0,0
2025,final,ITA,NLD,0,0,0
2025,final,ITA,LVA,0,0,0
2025,final,ITA,ISL,0,0,0
2025,final,ITA,ARM,0,0,0
2025,final,ITA,LUX,0,0,0
2025,final,ITA,SMR,18,12,6
2025,final,ITA,PRT,0,0,0
2025,final,ITA,ESP,0,0,0
2025,final,ITA,MLT,5,0,5
2025,final,ITA,DNK,7,0,7
2025,final,ITA,CHE,4,0,4
2025,final,ITA,GBR,12,0,12
2025,final,LVA,ISR,7,7,0
2025,final,LVA,EST,13,12,1
2025,final,LVA,SWE,8,8,0
2025,final,LVA,AUT,16,4,12
2025,final,LVA,ALB,0,0,0
2025,final,LVA,UKR,6,6,0
2025,final,LVA,POL,0,0,0
2025,final,LVA,GRC,0,0,0
2025,final,LVA,FIN,13,3,10
2025,final,LVA,ITA,2,2,0
2025,final,LVA,DEU,7,5,2
2025,final,LVA,NOR,1,1,0
2025,final,LVA,LTU,17,10,7
2025,final,LVA,FRA,6,0,6
2025,final,LVA,NLD,0,0,0
2025,final,LVA,LVA,0,0,0
2025,final,LVA,ISL,0,0,0
2025,final,LVA,ARM,4,0,4
2025,final,LVA,LUX,3,0,3
2025,final,LVA,SMR,0,0,0
2025,final,LVA,PRT,0,0,0
2025,final,LVA,ESP,0,0,0
2025,final,LVA,MLT,5,0,5
2025,final,LVA,DNK,0,0,0
2025,final,LVA,CHE,8,0,8
2025,final,LVA,GBR,0,0,0
2025,final,LTU,ISR,3,3,0
2025,final,LTU,EST,17,10,7
2025,final,LTU,SWE,5,4,1
2025,final,LTU,AUT,9,5,4
2025,final,LTU,ALB,0,0,0
2025,final,LTU,UKR,9,7,2
2025,final,LTU,POL,0,0,0
2025,final,LTU,GRC,0,0,0
2025,final,LTU,FIN,0,0,0
2025,final,LTU,ITA,16,6,10
2025,final,LTU,DEU,13,8,5
2025,final,LTU,NOR,2,2,0
2025,final,LTU,LTU,0,0,0
2025,final,LTU,FRA,0,0,0
2025,final,LTU,NLD,9,1,8
2025,final,LTU,LVA,24,12,12
2025,final,LTU,ISL,0,0,0
2025,final,LTU,ARM,0,0,0
2025,final,LTU,LUX,0,0,0
2025,final,LTU,SMR,0,0,0
2025,final,LTU,PRT,6,0,6
2025,final,LTU,ESP,0,0,0
2025,final,LTU,MLT,0,0,0
2025,final,LTU,DNK,0,0,0
2025,final,LTU,CHE,3,0,3
2025,final,LTU,GBR,0,0,0
2025,final,LUX,ISR,13,12,1
2025,final,LUX,EST,8,5,3
2025,final,LUX,SWE,7,2,5
2025,final,LUX,AUT,10,0,10
2025,final,LUX,ALB,7,7,0
2025,final,LUX,UKR,0,0,0
2025,final,LUX,POL,3,3,0
2025,final,LUX,GRC,10,10,0
2025,final,LUX,FIN,0,0,0
2025,final,LUX,ITA,0,0,0
2025,final,LUX,DEU,4,0,4
2025,final,LUX,NOR,0,0,0
2025,final,LUX,LTU,4,4,0
2025,final,LUX,FRA,18,6,12
2025,final,LUX,NLD,7,0,7
2025,final,LUX,LVA,3,1,2
2025,final,LUX,ISL,0,0,0
2025,final,LUX,ARM,0,0,0
2025,final,LUX,LUX,0,0,0
2025,final,LUX,SMR,0,0,0
2025,final,LUX,PRT,8,8,0
2025,final,LUX,ESP,0,0,0
2025,final,LUX,MLT,0,0,0
2025,final,LUX,DNK,0,0,0
2025,final,LUX,CHE,8,0,8
2025,final,LUX,GBR,6,0,6
2025,final,MLT,ISR,5,5,0
2025,final,MLT,EST,15,12,3
2025,final,MLT,SWE,2,1,1
2025,final,MLT,AUT,17,10,7
2025,final,MLT,ALB,4,4,0
2025,final,MLT,UKR,0,0,0
2025,final,MLT,POL,2,2,0
2025,final,MLT,GRC,10,0,10
2025,final,MLT,FIN,13,7,6
2025,final,MLT,ITA,12,8,4
2025,final,MLT,DEU,0,0,0
2025,final,MLT,NOR,6,6,0
2025,final,MLT,LTU,0,0,0
2025,final,MLT,FRA,8,0,8
2025,final,MLT,NLD,0,0,0
2025,final,MLT,LVA,0,0,0
2025,final,MLT,ISL,0,0,0
2025,final,MLT,ARM,12,0,12
2025,final,MLT,LUX,0,0,0
2025,final,MLT,SMR,3,3,0
2025,final,MLT,PRT,0,0,0
2025,final,MLT,ESP,0,0,0
2025,final,MLT,MLT,0,0,0
2025,final,MLT,DNK,0,0,0
2025,final,MLT,CHE,2,0,2
2025,final,MLT,GBR,0,0,0
2025,final,MNE,ISR,7,7,0
2025,final,MNE,EST,10,10,0
2025,final,MNE,SWE,5,5,0
2025,final,MNE,AUT,11,3,8
2025,final,MNE,ALB,22,12,10
2025,final,MNE,UKR,6,6,0
2025,final,MNE,POL,0,0,0
2025,final,MNE,GRC,16,4,12
2025,final,MNE,FIN,0,0,0
2025,final,MNE,ITA,1,1,0
2025,final,MNE,DEU,0,0,0
2025,final,MNE,NOR,0,0,0
2025,final,MNE,LTU,3,0,3
2025,final,MNE,FRA,8,2,6
2025,final,MNE,NLD,2,0,2
2025,final,MNE,LVA,0,0,0
2025,final,MNE,ISL,0,0,0
2025,final,MNE,ARM,1,0,1
2025,final,MNE,LUX,12,8,4
2025,final,MNE,SMR,0,0,0
2025,final,MNE,PRT,0,0,0
2025,final,MNE,ESP,0,0,0
2025,final,MNE,MLT,5,0,5
2025,final,MNE,DNK,0,0,0
2025,final,MNE,CHE,7,0,7
2025,final,MNE,GBR,0,0,0
2025,final,NLD,ISR,17,12,5
2025,final,NLD,EST,8,8,0
2025,final,NLD,SWE,15,7,8
2025,final,NLD,AUT,15,3,12
2025,final,NLD,ALB,1,0,1
2025,final,NLD,UKR,4,4,0
2025,final,NLD,POL,10,10,0
2025,final,NLD,GRC,5,5,0
2025,final,NLD,FIN,6,6,0
2025,final,NLD,ITA,2,2,0
2025,final,NLD,DEU,1,1,0
2025,final,NLD,NOR,0,0,0
2025,final,NLD,LTU,4,0,4
2025,final,NLD,FRA,2,0,2
2025,final,NLD,NLD,0,0,0
2025,final,NLD,LVA,3,0,3
2025,final,NLD,ISL,0,0,0
2025,final,NLD,ARM,0,0,0
2025,final,NLD,LUX,6,0,6
2025,final,NLD,SMR,0,0,0
2025,final,NLD,PRT,7,0,7
2025,final,NLD,ESP,0,0,0
2025,final,NLD,MLT,0,0,0
2025,final,NLD,DNK,0,0,0
2025,final,NLD,CHE,10,0,10
2025,final,NLD,GBR,0,0,0
2025,final,NOR,ISR,10,10,0
2025,final,NOR,EST,11,7,4
2025,final,NOR,SWE,22,12,10
2025,final,NOR,AUT,13,1,12
2025,final,NOR,ALB,0,0,0
2025,final,NOR,UKR,3,2,1
2025,final,NOR,POL,8,8,0
2025,final,NOR,GRC,0,0,0
2025,final,NOR,FIN,14,6,8
2025,final,NOR,ITA,0,0,0
2025,final,NOR,DEU,0,0,0
2025,final,NOR,NOR,0,0,0
2025,final,NOR,LTU,4,4,0
2025,final,NOR,FRA,2,0,2
2025,final,NOR,NLD,10,5,5
2025,final,NOR,LVA,6,0,6
2025,final,NOR,ISL,3,3,0
2025,final,NOR,ARM,0,0,0
2025,final,NOR,LUX,0,0,0
2025,final,NOR,SMR,0,0,0
2025,final,NOR,PRT,0,0,0
2025,final,NOR,ESP,0,0,0
2025,final,NOR,MLT,0,0,0
2025,final,NOR,DNK,0,0,0
2025,final,NOR,CHE,3,0,3
2025,final,NOR,GBR,7,0,7
2025,final,POL,ISR,0,0,0
2025,final,POL,EST,10,10,0
2025,final,POL,SWE,8,8,0
2025,final,POL,AUT,14,7,7
2025,final,POL,ALB,9,4,5
2025,final,POL,UKR,12,12,0
2025,final,POL,POL,0,0,0
2025,final,POL,GRC,4,0,4
2025,final,POL,FIN,1,1,0
2025,final,POL,ITA,8,0,8
2025,final,POL,DEU,5,5,0
2025,final,POL,NOR,5,3,2
2025,final,POL,LTU,12,6,6
2025,final,POL,FRA,3,0,3
2025,final,POL,NLD,10,0,10
2025,final,POL,LVA,2,2,0
2025,final,POL,ISL,0,0,0
2025,final,POL,ARM,0,0,0
2025,final,POL,LUX,0,0,0
2025,final,POL,SMR,0,0,0
2025,final,POL,PRT,0,0,0
2025,final,POL,ESP,0,0,0
2025,final,POL,MLT,0,0,0
2025,final,POL,DNK,0,0,0
2025,final,POL,CHE,12,0,12
2025,final,POL,GBR,1,0,1
2025,final,PRT,ISR,12,12,0
2025,final,PRT,EST,4,1,3
2025,final,PRT,SWE,4,4,0
2025,final,PRT,AUT,13,7,6
2025,final,PRT,ALB,6,2,4
2025,final,PRT,UKR,18,10,8
2025,final,PRT,POL,0,0,0
2025,final,PRT,GRC,1,0,1
2025,final,PRT,FIN,0,0,0
2025,final,PRT,ITA,20,8,12
2025,final,PRT,DEU,0,0,0
2025,final,PRT,NOR,0,0,0
2025,final,PRT,LTU,0,0,0
2025,final,PRT,FRA,5,5,0
2025,final,PRT,NLD,8,3,5
2025,final,PRT,LVA,7,0,7
2025,final,PRT,ISL,0,0,0
2025,final,PRT,ARM,0,0,0
2025,final,PRT,LUX,0,0,0
2025,final,PRT,SMR,0,0,0
2025,final,PRT,PRT,0,0,0
2025,final,PRT,ESP,6,6,0
2025,final,PRT,MLT,0,0,0
2025,final,PRT,DNK,0,0,0
2025,final,PRT,CHE,10,0,10
2025,final,PRT,GBR,2,0,2
2025,final,SMR,ISR,10,10,0
2025,final,SMR,EST,14,7,7
2025,final,SMR,SWE,1,1,0
2025,final,SMR,AUT,5,5,0
2025,final,SMR,ALB,8,8,0
2025,final,SMR,UKR,8,4,4
2025,final,SMR,POL,6,6,0
2025,final,SMR,GRC,12,12,0
2025,final,SMR,FIN,0,0,0
2025,final,SMR,ITA,15,3,12
2025,final,SMR,DEU,0,0,0
2025,final,SMR,NOR,0,0,0
2025,final,SMR,LTU,3,0,3
2025,final,SMR,FRA,5,0,5
2025,final,SMR,NLD,2,2,0
2025,final,SMR,LVA,8,0,8
2025,final,SMR,ISL,0,0,0
2025,final,SMR,ARM,0,0,0
2025,final,SMR,LUX,0,0,0
2025,final,SMR,SMR,0,0,0
2025,final,SMR,PRT,6,0,6
2025,final,SMR,ESP,0,0,0
2025,final,SMR,MLT,1,0,1
2025,final,SMR,DNK,0,0,0
2025,final,SMR,CHE,10,0,10
2025,final,SMR,GBR,2,0,2
2025,final,SRB,ISR,2,2,0
2025,final,SRB,EST,15,12,3
2025,final,SRB,SWE,7,7,0
2025,final,SRB,AUT,18,10,8
2025,final,SRB,ALB,4,4,0
2025,final,SRB,UKR,4,0,4
2025,final,SRB,POL,0,0,0
2025,final,SRB,GRC,14,8,6
2025,final,SRB,FIN,6,6,0
2025,final,SRB,ITA,0,0,0
2025,final,SRB,DEU,15,5,10
2025,final,SRB,NOR,3,3,0
2025,final,SRB,LTU,0,0,0
2025,final,SRB,FRA,12,0,12
2025,final,SRB,NLD,0,0,0
2025,final,SRB,LVA,1,0,1
2025,final,SRB,ISL,0,0,0
2025,final,SRB,ARM,2,0,2
2025,final,SRB,LUX,0,0,0
2025,final,SRB,SMR,0,0,0
2025,final,SRB,PRT,0,0,0
2025,final,SRB,ESP,0,0,0
2025,final,SRB,MLT,1,1,0
2025,final,SRB,DNK,5,0,5
2025,final,SRB,CHE,7,0,7
2025,final,SRB,GBR,0,0,0
2025,final,SVN,ISR,6,6,0
2025,final,SVN,EST,14,7,7
2025,final,SVN,SWE,11,5,6
2025,final,SVN,AUT,20,10,10
2025,final,SVN,ALB,8,8,0
2025,final,SVN,UKR,8,3,5
2025,final,SVN,POL,0,0,0
2025,final,SVN,GRC,0,0,0
2025,final,SVN,FIN,0,0,0
2025,final,SVN,ITA,24,12,12
2025,final,SVN,DEU,0,0,0
2025,final,SVN,NOR,4,2,2
2025,final,SVN,LTU,0,0,0
2025,final,SVN,FRA,3,0,3
2025,final,SVN,NLD,4,0,4
2025,final,SVN,LVA,0,0,0
2025,final,SVN,ISL,1,1,0
2025,final,SVN,ARM,0,0,0
2025,final,SVN,LUX,4,4,0
2025,final,SVN,SMR,0,0,0
2025,final,SVN,PRT,1,0,1
2025,final,SVN,ESP,0,0,0
2025,final,SVN,MLT,0,0,0
2025,final,SVN,DNK,0,0,0
2025,final,SVN,CHE,8,0,8
2025,final,SVN,GBR,0,0,0
2025,final,ESP,ISR,12,12,0
2025,final,ESP,EST,7,7,0
2025,final,ESP,SWE,5,5,0
2025,final,ESP,AUT,11,4,7
2025,final,ESP,ALB,4,3,1
2025,final,ESP,UKR,12,10,2
2025,final,ESP,POL,8,8,0
2025,final,ESP,GRC,0,0,0
2025,final,ESP,FIN,6,6,0
2025,final,ESP,ITA,4,0,4
2025,final,ESP,DEU,3,0,3
2025,final,ESP,NOR,2,2,0
2025,final,ESP,LTU,0,0,0
2025,final,ESP,FRA,9,1,8
2025,final,ESP,NLD,10,0,10
2025,final,ESP,LVA,0,0,0
2025,final,ESP,ISL,0,0,0
2025,final,ESP,ARM,0,0,0
2025,final,ESP,LUX,0,0,0
2025,final,ESP,SMR,0,0,0
2025,final,ESP,PRT,0,0,0
2025,final,ESP,ESP,0,0,0
2025,final,ESP,MLT,5,0,5
2025,final,ESP,DNK,0,0,0
2025,final,ESP,CHE,12,0,12
2025,final,ESP,GBR,6,0,6
2025,final,SWE,ISR,12,12,0
2025,final,SWE,EST,8,8,0
2025,final,SWE,SWE,0,0,0
2025,final,SWE,AUT,12,0,12
2025,final,SWE,ALB,10,7,3
2025,final,SWE,UKR,9,4,5
2025,final,SWE,POL,6,6,0
2025,final,SWE,GRC,3,3,0
2025,final,SWE,FIN,16,10,6
2025,final,SWE,ITA,1,1,0
2025,final,SWE,DEU,0,0,0
2025,final,SWE,NOR,4,0,4
2025,final,SWE,LTU,0,0,0
2025,final,SWE,FRA,7,0,7
2025,final,SWE,NLD,10,2,8
2025,final,SWE,LVA,0,0,0
2025,final,SWE,ISL,5,5,0
2025,final,SWE,ARM,0,0,0
2025,final,SWE,LUX,0,0,0
2025,final,SWE,SMR,0,0,0
2025,final,SWE,PRT,0,0,0
2025,final,SWE,ESP,2,0,2
2025,final,SWE,MLT,1,0,1
2025,final,SWE,DNK,0,0,0
2025,final,SWE,CHE,10,0,10
2025,final,SWE,GBR,0,0,0
2025,final,CHE,ISR,12,12,0
2025,final,CHE,EST,7,2,5
2025,final,CHE,SWE,15,5,10
2025,final,CHE,AUT,13,6,7
2025,final,CHE,ALB,10,10,0
2025,final,CHE,UKR,1,0,1
2025,final,CHE,POL,3,3,0
2025,final,CHE,GRC,7,7,0
2025,final,CHE,FIN,3,0,3
2025,final,CHE,ITA,20,8,12
2025,final,CHE,DEU,0,0,0
2025,final,CHE,NOR,0,0,0
2025,final,CHE,LTU,0,0,0
2025,final,CHE,FRA,12,4,8
2025,final,CHE,NLD,7,1,6
2025,final,CHE,LVA,0,0,0
2025,final,CHE,ISL,0,0,0
2025,final,CHE,ARM,0,0,0
2025,final,CHE,LUX,0,0,0
2025,final,CHE,SMR,0,0,0
2025,final,CHE,PRT,2,0,2
2025,final,CHE,ESP,0,0,0
2025,final,CHE,MLT,0,0,0
2025,final,CHE,DNK,0,0,0
2025,final,CHE,CHE,0,0,0
2025,final,CHE,GBR,4,0,4
2025,final,UKR,ISR,3,1,2
2025,final,UKR,EST,7,2,5
2025,final,UKR,SWE,4,4,0
2025,final,UKR,AUT,7,6,1
2025,final,UKR,ALB,0,0,0
2025,final,UKR,UKR,0,0,0
2025,final,UKR,POL,3,3,0
2025,final,UKR,GRC,0,0,0
2025,final,UKR,FIN,0,0,0
2025,final,UKR,ITA,15,7,8
2025,final,UKR,DEU,17,5,12
2025,final,UKR,NOR,10,10,0
2025,final,UKR,LTU,12,12,0
2025,final,UKR,FRA,0,0,0
2025,final,UKR,NLD,0,0,0
2025,final,UKR,LVA,14,8,6
2025,final,UKR,ISL,0,0,0
2025,final,UKR,ARM,0,0,0
2025,final,UKR,LUX,3,0,3
2025,final,UKR,SMR,0,0,0
2025,final,UKR,PRT,4,0,4
2025,final,UKR,ESP,0,0,0
2025,final,UKR,MLT,0,0,0
2025,final,UKR,DNK,0,0,0
2025,final,UKR,CHE,7,0,7
2025,final,UKR,GBR,10,0,10
2025,final,GBR,ISR,12,12,0
2025,final,GBR,EST,9,6,3
2025,final,GBR,SWE,7,7,0
2025,final,GBR,AUT,8,0,8
2025,final,GBR,ALB,5,5,0
2025,final,GBR,UKR,0,0,0
2025,final,GBR,POL,10,10,0
2025,final,GBR,GRC,3,2,1
2025,final,GBR,FIN,9,4,5
2025,final,GBR,ITA,0,0,0
2025,final,GBR,DEU,0,0,0
2025,final,GBR,NOR,0,0,0
2025,final,GBR,LTU,14,8,6
2025,final,GBR,FRA,2,0,2
2025,final,GBR,NLD,0,0,0
2025,final,GBR,LVA,15,3,12
2025,final,GBR,ISL,0,0,0
2025,final,GBR,ARM,0,0,0
2025,final,GBR,LUX,4,0,4
2025,final,GBR,SMR,0,0,0
2025,final,GBR,PRT,0,0,0
2025,final,GBR,ESP,0,0,0
2025,final,GBR,MLT,8,1,7
2025,final,GBR,DNK,10,0,10
2025,final,GBR,CHE,0,0,0
2025,final,GBR,GBR,0,0,0
2026,final,ALB,BGR,9,6,3
2026,final,ALB,ROU,5,5,0
2026,final,ALB,ISR,18,10,8
2026,final,ALB,MDA,0,0,0
2026,final,ALB,UKR,7,7,0
2026,final,ALB,ITA,24,12,12
2026,final,ALB,GRC,10,8,2
2026,final,ALB,FIN,1,1,0
2026,final,ALB,AUS,5,4,1
2026,final,ALB,ALB,0,0,0
2026,final,ALB,DNK,5,0,5
2026,final,ALB,HRV,2,2,0
2026,final,ALB,SRB,3,3,0
2026,final,ALB,CYP,0,0,0
2026,final,ALB,NOR,10,0,10
2026,final,ALB,POL,0,0,0
2026,final,ALB,SWE,0,0,0
2026,final,ALB,FRA,4,0,4
2026,final,ALB,LTU,0,0,0
2026,final,ALB,CZE,7,0,7
2026,final,ALB,MLT,6,0,6
2026,final,ALB,AUT,0,0,0
2026,final,ALB,BEL,0,0,0
2026,final,ALB,DEU,0,0,0
2026,final,ALB,GBR,0,0,0
2026,final,ARM,BGR,22,12,10
2026,final,ARM,ROU,5,5,0
2026,final,ARM,ISR,14,7,7
2026,final,ARM,MDA,0,0,0
2026,final,ARM,UKR,0,0,0
2026,final,ARM,ITA,0,0,0
2026,final,ARM,GRC,7,4,3
2026,final,ARM,FIN,10,8,2
2026,final,ARM,AUS,22,10,12
2026,final,ARM,ALB,0,0,0
2026,final,ARM,DNK,11,6,5
2026,final,ARM,HRV,0,0,0
2026,final,ARM,SRB,0,0,0
2026,final,ARM,CYP,3,3,0
2026,final,ARM,NOR,6,0,6
2026,final,ARM,POL,1,0,1
2026,final,ARM,SWE,0,0,0
2026,final,ARM,FRA,10,2,8
2026,final,ARM,LTU,0,0,0
2026,final,ARM,CZE,5,1,4
2026,final,ARM,MLT,0,0,0
2026,final,ARM,AUT,0,0,0
2026,final,ARM,BEL,0,0,0
2026,final,ARM,DEU,0,0,0
2026,final,ARM,GBR,0,0,0
2026,final,AUS,BGR,24,12,12
2026,final,AUS,ROU,6,6,0
2026,final,AUS,ISR,0,0,0
2026,final,AUS,MDA,5,5,0
2026,final,AUS,UKR,0,0,0
2026,final,AUS,ITA,1,0,1
2026,final,AUS,GRC,10,8,2
2026,final,AUS,FIN,14,10,4
2026,final,AUS,AUS,0,0,0
2026,final,AUS,ALB,0,0,0
2026,final,AUS,DNK,8,3,5
2026,final,AUS,HRV,7,7,0
2026,final,AUS,SRB,0,0,0
2026,final,AUS,CYP,3,0,3
2026,final,AUS,NOR,8,2,6
2026,final,AUS,POL,8,0,8
2026,final,AUS,SWE,0,0,0
2026,final,AUS,FRA,11,1,10
2026,final,AUS,LTU,0,0,0
2026,final,AUS,CZE,7,0,7
2026,final,AUS,MLT,4,4,0
2026,final,AUS,AUT,0,0,0
2026,final,AUS,BEL,0,0,0
2026,final,AUS,DEU,0,0,0
2026,final,AUS,GBR,0,0,0
2026,final,AUT,BGR,12,12,0
2026,final,AUT,ROU,3,3,0
2026,final,AUT,ISR,15,7,8
2026,final,AUT,MDA,5,5,0
2026,final,AUT,UKR,4,4,0
2026,final,AUT,ITA,8,6,2
2026,final,AUT,GRC,3,2,1
2026,final,AUT,FIN,7,1,6
2026,final,AUT,AUS,17,10,7
2026,final,AUT,ALB,0,0,0
2026,final,AUT,DNK,10,0,10
2026,final,AUT,HRV,8,8,0
2026,final,AUT,SRB,0,0,0
2026,final,AUT,CYP,0,0,0
2026,final,AUT,NOR,3,0,3
2026,final,AUT,POL,12,0,12
2026,final,AUT,SWE,0,0,0
2026,final,AUT,FRA,4,0,4
2026,final,AUT,LTU,0,0,0
2026,final,AUT,CZE,5,0,5
2026,final,AUT,MLT,0,0,0
2026,final,AUT,AUT,0,0,0
2026,final,AUT,BEL,0,0,0
2026,final,AUT,DEU,0,0,0
2026,final,AUT,GBR,0,0,0
2026,final,AZE,BGR,15,10,5
2026,final,AZE,ROU,9,6,3
2026,final,AZE,ISR,16,12,4
2026,final,AZE,MDA,1,1,0
2026,final,AZE,UKR,14,4,10
2026,final,AZE,ITA,12,0,12
2026,final,AZE,GRC,0,0,0
2026,final,AZE,FIN,8,8,0
2026,final,AZE,AUS,5,5,0
2026,final,AZE,ALB,6,0,6
2026,final,AZE,DNK,7,7,0
2026,final,AZE,HRV,7,0,7
2026,final,AZE,SRB,8,0,8
2026,final,AZE,CYP,0,0,0
2026,final,AZE,NOR,0,0,0
2026,final,AZE,POL,0,0,0
2026,final,AZE,SWE,0,0,0
2026,final,AZE,FRA,0,0,0
2026,final,AZE,LTU,0,0,0
2026,final,AZE,CZE,4,3,1
2026,final,AZE,MLT,4,2,2
2026,final,AZE,AUT,0,0,0
2026,final,AZE,BEL,0,0,0
2026,final,AZE,DEU,0,0,0
2026,final,AZE,GBR,0,0,0
2026,final,BEL,BGR,16,12,4
2026,final,BEL,ROU,10,10,0
2026,final,BEL,ISR,9,8,1
2026,final,BEL,MDA,7,7,0
2026,final,BEL,UKR,5,5,0
2026,final,BEL,ITA,10,4,6
2026,final,BEL,GRC,6,6,0
2026,final,BEL,FIN,11,3,8
2026,final,BEL,AUS,11,1,10
2026,final,BEL,ALB,5,2,3
2026,final,BEL,DNK,0,0,0
2026,final,BEL,HRV,0,0,0
2026,final,BEL,SRB,0,0,0
2026,final,BEL,CYP,0,0,0
2026,final,BEL,NOR,7,0,7
2026,final,BEL,POL,12,0,12
2026,final,BEL,SWE,0,0,0
2026,final,BEL,FRA,5,0,5
2026,final,BEL,LTU,0,0,0
2026,final,BEL,CZE,0,0,0
2026,final,BEL,MLT,0,0,0
2026,final,BEL,AUT,0,0,0
2026,final,BEL,BEL,0,0,0
2026,final,BEL,DEU,2,0,2
2026,final,BEL,GBR,0,0,0
2026,final,BGR,BGR,0,0,0
2026,final,BGR,ROU,10,10,0
2026,final,BGR,ISR,12,5,7
2026,final,BGR,MDA,8,3,5
2026,final,BGR,UKR,7,7,0
2026,final,BGR,ITA,7,1,6
2026,final,BGR,GRC,12,12,0
2026,final,BGR,FIN,0,0,0
2026,final,BGR,AUS,8,0,8
2026,final,BGR,ALB,8,8,0
2026,final,BGR,DNK,1,0,1
2026,final,BGR,HRV,4,4,0
2026,final,BGR,SRB,0,0,0
2026,final,BGR,CYP,16,6,10
2026,final,BGR,NOR,3,0,3
2026,final,BGR,POL,0,0,0
2026,final,BGR,SWE,0,0,0
2026,final,BGR,FRA,0,0,0
2026,final,BGR,LTU,0,0,0
2026,final,BGR,CZE,4,0,4
2026,final,BGR,MLT,14,2,12
2026,final,BGR,AUT,0,0,0
2026,final,BGR,BEL,0,0,0
2026,final,BGR,DEU,0,0,0
2026,final,BGR,GBR,0,0,0
2026,final,HRV,BGR,11,7,4
2026,final,HRV,ROU,5,5,0
2026,final,HRV,ISR,5,0,5
2026,final,HRV,MDA,7,6,1
2026,final,HRV,UKR,1,1,0
2026,final,HRV,ITA,10,10,0
2026,final,HRV,GRC,3,3,0
2026,final,HRV,FIN,8,2,6
2026,final,HRV,AUS,11,4,7
2026,final,HRV,ALB,16,8,8
2026,final,HRV,DNK,10,0,10
2026,final,HRV,HRV,0,0,0
2026,final,HRV,SRB,24,12,12
2026,final,HRV,CYP,0,0,0
2026,final,HRV,NOR,0,0,0
2026,final,HRV,POL,2,0,2
2026,final,HRV,SWE,0,0,0
2026,final,HRV,FRA,3,0,3
2026,final,HRV,LTU,0,0,0
2026,final,HRV,CZE,0,0,0
2026,final,HRV,MLT,0,0,0
2026,final,HRV,AUT,0,0,0
2026,final,HRV,BEL,0,0,0
2026,final,HRV,DEU,0,0,0
2026,final,HRV,GBR,0,0,0
2026,final,CYP,BGR,20,10,10
2026,final,CYP,ROU,7,7,0
2026,final,CYP,ISR,8,8,0
2026,final,CYP,MDA,6,6,0
2026,final,CYP,UKR,4,4,0
2026,final,CYP,ITA,4,3,1
2026,final,CYP,GRC,24,12,12
2026,final,CYP,FIN,5,1,4
2026,final,CYP,AUS,10,5,5
2026,final,CYP,ALB,8,0,8
2026,final,CYP,DNK,6,0,6
2026,final,CYP,HRV,0,0,0
2026,final,CYP,SRB,0,0,0
2026,final,CYP,CYP,0,0,0
2026,final,CYP,NOR,0,0,0
2026,final,CYP,POL,0,0,0
2026,final,CYP,SWE,0,0,0
2026,final,CYP,FRA,5,2,3
2026,final,CYP,LTU,0,0,0
2026,final,CYP,CZE,2,0,2
2026,final,CYP,MLT,7,0,7
2026,final,CYP,AUT,0,0,0
2026,final,CYP,BEL,0,0,0
2026,final,CYP,DEU,0,0,0
2026,final,CYP,GBR,0,0,0
2026,final,CZE,BGR,14,10,4
2026,final,CZE,ROU,15,7,8
2026,final,CZE,ISR,7,5,2
2026,final,CZE,MDA,8,8,0
2026,final,CZE,UKR,12,12,0
2026,final,CZE,ITA,0,0,0
2026,final,CZE,GRC,6,6,0
2026,final,CZE,FIN,10,3,7
2026,final,CZE,AUS,6,0,6
2026,final,CZE,ALB,0,0,0
2026,final,CZE,DNK,13,1,12
2026,final,CZE,HRV,4,4,0
2026,final,CZE,SRB,2,2,0
2026,final,CZE,CYP,0,0,0
2026,final,CZE,NOR,10,0,10
2026,final,CZE,POL,5,0,5
2026,final,CZE,SWE,0,0,0
2026,final,CZE,FRA,3,0,3
2026,final,CZE,LTU,0,0,0
2026,final,CZE,CZE,0,0,0
2026,final,CZE,MLT,1,0,1
2026,final,CZE,AUT,0,0,0
2026,final,CZE,BEL,0,0,0
2026,final,CZE,DEU,0,0,0
2026,final,CZE,GBR,0,0,0
2026,final,DNK,BGR,24,12,12
2026,final,DNK,ROU,5,4,1
2026,final,DNK,ISR,9,2,7
2026,final,DNK,MDA,3,3,0
2026,final,DNK,UKR,7,7,0
2026,final,DNK,ITA,6,0,6
2026,final,DNK,GRC,0,0,0
2026,final,DNK,FIN,16,8,8
2026,final,DNK,AUS,9,5,4
2026,final,DNK,ALB,1,1,0
2026,final,DNK,DNK,0,0,0
2026,final,DNK,HRV,0,0,0
2026,final,DNK,SRB,0,0,0
2026,final,DNK,CYP,2,0,2
2026,final,DNK,NOR,10,10,0
2026,final,DNK,POL,0,0,0
2026,final,DNK,SWE,16,6,10
2026,final,DNK,FRA,3,0,3
2026,final,DNK,LTU,0,0,0
2026,final,DNK,CZE,5,0,5
2026,final,DNK,MLT,0,0,0
2026,final,DNK,AUT,0,0,0
2026,final,DNK,BEL,0,0,0
2026,final,DNK,DEU,0,0,0
2026,final,DNK,GBR,0,0,0
2026,final,EST,BGR,14,7,7
2026,final,EST,ROU,4,4,0
2026,final,EST,ISR,1,1,0
2026,final,EST,MDA,10,10,0
2026,final,EST,UKR,8,8,0
2026,final,EST,ITA,12,6,6
2026,final,EST,GRC,6,3,3
2026,final,EST,FIN,24,12,12
2026,final,EST,AUS,5,5,0
2026,final,EST,ALB,0,0,0
2026,final,EST,DNK,10,2,8
2026,final,EST,HRV,4,0,4
2026,final,EST,SRB,0,0,0
2026,final,EST,CYP,0,0,0
2026,final,EST,NOR,10,0,10
2026,final,EST,POL,5,0,5
2026,final,EST,SWE,0,0,0
2026,final,EST,FRA,0,0,0
2026,final,EST,LTU,0,0,0
2026,final,EST,CZE,1,0,1
2026,final,EST,MLT,0,0,0
2026,final,EST,AUT,0,0,0
2026,final,EST,BEL,2,0,2
2026,final,EST,DEU,0,0,0
2026,final,EST,GBR,0,0,0
2026,final,FIN,BGR,7,7,0
2026,final,FIN,ROU,10,10,0
2026,final,FIN,ISR,12,12,0
2026,final,FIN,MDA,2,1,1
2026,final,FIN,UKR,4,4,0
2026,final,FIN,ITA,8,5,3
2026,final,FIN,GRC,0,0,0
2026,final,FIN,FIN,0,0,0
2026,final,FIN,AUS,7,0,7
2026,final,FIN,ALB,0,0,0
2026,final,FIN,DNK,18,8,10
2026,final,FIN,HRV,7,2,5
2026,final,FIN,SRB,3,3,0
2026,final,FIN,CYP,0,0,0
2026,final,FIN,NOR,0,0,0
2026,final,FIN,POL,6,0,6
2026,final,FIN,SWE,6,6,0
2026,final,FIN,FRA,12,0,12
2026,final,FIN,LTU,8,0,8
2026,final,FIN,CZE,2,0,2
2026,final,FIN,MLT,0,0,0
2026,final,FIN,AUT,0,0,0
2026,final,FIN,BEL,4,0,4
2026,final,FIN,DEU,0,0,0
2026,final,FIN,GBR,0,0,0
2026,final,FRA,BGR,14,7,7
2026,final,FRA,ROU,8,8,0
2026,final,FRA,ISR,16,12,4
2026,final,FRA,MDA,10,10,0
2026,final,FRA,UKR,12,6,6
2026,final,FRA,ITA,13,5,8
2026,final,FRA,GRC,3,3,0
2026,final,FRA,FIN,4,2,2
2026,final,FRA,AUS,5,0,5
2026,final,FRA,ALB,4,4,0
2026,final,FRA,DNK,10,0,10
2026,final,FRA,HRV,1,1,0
2026,final,FRA,SRB,1,0,1
2026,final,FRA,CYP,0,0,0
2026,final,FRA,NOR,12,0,12
2026,final,FRA,POL,0,0,0
2026,final,FRA,SWE,0,0,0
2026,final,FRA,FRA,0,0,0
2026,final,FRA,LTU,0,0,0
2026,final,FRA,CZE,0,0,0
2026,final,FRA,MLT,3,0,3
2026,final,FRA,AUT,0,0,0
2026,final,FRA,BEL,0,0,0
2026,final,FRA,DEU,0,0,0
2026,final,FRA,GBR,0,0,0
2026,final,GEO,BGR,9,6,3
2026,final,GEO,ROU,7,7,0
2026,final,GEO,ISR,16,10,6
2026,final,GEO,MDA,8,8,0
2026,final,GEO,UKR,12,12,0
2026,final,GEO,ITA,10,0,10
2026,final,GEO,GRC,5,5,0
2026,final,GEO,FIN,8,1,7
2026,final,GEO,AUS,2,2,0
2026,final,GEO,ALB,0,0,0
2026,final,GEO,DNK,4,4,0
2026,final,GEO,HRV,0,0,0
2026,final,GEO,SRB,3,3,0
2026,final,GEO,CYP,8,0,8
2026,final,GEO,NOR,5,0,5
2026,final,GEO,POL,2,0,2
2026,final,GEO,SWE,0,0,0
2026,final,GEO,FRA,12,0,12
2026,final,GEO,LTU,0,0,0
2026,final,GEO,CZE,1,0,1
2026,final,GEO,MLT,4,0,4
2026,final,GEO,AUT,0,0,0
2026,final,GEO,BEL,0,0,0
2026,final,GEO,DEU,0,0,0
2026,final,GEO,GBR,0,0,0
2026,final,DEU,BGR,17,10,7
2026,final,DEU,ROU,1,1,0
2026,final,DEU,ISR,15,12,3
2026,final,DEU,MDA,3,3,0
2026,final,DEU,UKR,2,2,0
2026,final,DEU,ITA,16,6,10
2026,final,DEU,GRC,8,8,0
2026,final,DEU,FIN,8,0,8
2026,final,DEU,AUS,5,0,5
2026,final,DEU,ALB,0,0,0
2026,final,DEU,DNK,4,0,4
2026,final,DEU,HRV,9,7,2
2026,final,DEU,SRB,0,0,0
2026,final,DEU,CYP,0,0,0
2026,final,DEU,NOR,0,0,0
2026,final,DEU,POL,16,4,12
2026,final,DEU,SWE,0,0,0
2026,final,DEU,FRA,6,0,6
2026,final,DEU,LTU,0,0,0
2026,final,DEU,CZE,0,0,0
2026,final,DEU,MLT,0,0,0
2026,final,DEU,AUT,5,5,0
2026,final,DEU,BEL,0,0,0
2026,final,DEU,DEU,0,0,0
2026,final,DEU,GBR,0,0,0
2026,final,GRC,BGR,16,10,6
2026,final,GRC,ROU,8,6,2
2026,final,GRC,ISR,5,5,0
2026,final,GRC,MDA,7,4,3
2026,final,GRC,UKR,0,0,0
2026,final,GRC,ITA,7,7,0
2026,final,GRC,GRC,0,0,0
2026,final,GRC,FIN,0,0,0
2026,final,GRC,AUS,10,3,7
2026,final,GRC,ALB,9,8,1
2026,final,GRC,DNK,0,0,0
2026,final,GRC,HRV,5,1,4
2026,final,GRC,SRB,5,0,5
2026,final,GRC,CYP,24,12,12
2026,final,GRC,NOR,0,0,0
2026,final,GRC,POL,10,0,10
2026,final,GRC,SWE,0,0,0
2026,final,GRC,FRA,10,2,8
2026,final,GRC,LTU,0,0,0
2026,final,GRC,CZE,0,0,0
2026,final,GRC,MLT,0,0,0
2026,final,GRC,AUT,0,0,0
2026,final,GRC,BEL,0,0,0
2026,final,GRC,DEU,0,0,0
2026,final,GRC,GBR,0,0,0
2026,final,ISR,BGR,20,12,8
2026,final,ISR,ROU,7,3,4
2026,final,ISR,ISR,0,0,0
2026,final,ISR,MDA,14,8,6
2026,final,ISR,UKR,4,4,0
2026,final,ISR,ITA,10,7,3
2026,final,ISR,GRC,10,5,5
2026,final,ISR,FIN,7,0,7
2026,final,ISR,AUS,22,10,12
2026,final,ISR,ALB,2,1,1
2026,final,ISR,DNK,16,6,10
2026,final,ISR,HRV,0,0,0
2026,final,ISR,SRB,0,0,0
2026,final,ISR,CYP,0,0,0
2026,final,ISR,NOR,0,0,0
2026,final,ISR,POL,0,0,0
2026,final,ISR,SWE,0,0,0
2026,final,ISR,FRA,2,2,0
2026,final,ISR,LTU,0,0,0
2026,final,ISR,CZE,0,0,0
2026,final,ISR,MLT,0,0,0
2026,final,ISR,AUT,0,0,0
2026,final,ISR,BEL,2,0,2
2026,final,ISR,DEU,0,0,0
2026,final,ISR,GBR,0,0,0
2026,final,ITA,BGR,8,5,3
2026,final,ITA,ROU,15,10,5
2026,final,ITA,ISR,8,8,0
2026,final,ITA,MDA,13,12,1
2026,final,ITA,UKR,13,6,7
2026,final,ITA,ITA,0,0,0
2026,final,ITA,GRC,4,4,0
2026,final,ITA,FIN,3,3,0
2026,final,ITA,AUS,1,1,0
2026,final,ITA,ALB,7,7,0
2026,final,ITA,DNK,0,0,0
2026,final,ITA,HRV,0,0,0
2026,final,ITA,SRB,0,0,0
2026,final,ITA,CYP,0,0,0
2026,final,ITA,NOR,0,0,0
2026,final,ITA,POL,8,2,6
2026,final,ITA,SWE,10,0,10
2026,final,ITA,FRA,0,0,0
2026,final,ITA,LTU,2,0,2
2026,final,ITA,CZE,0,0,0
2026,final,ITA,MLT,8,0,8
2026,final,ITA,AUT,0,0,0
2026,final,ITA,BEL,12,0,12
2026,final,ITA,DEU,4,0,4
2026,final,ITA,GBR,0,0,0
2026,final,LVA,BGR,11,7,4
2026,final,LVA,ROU,8,6,2
2026,final,LVA,ISR,4,4,0
2026,final,LVA,MDA,8,8,0
2026,final,LVA,UKR,12,5,7
2026,final,LVA,ITA,1,1,0
2026,final,LVA,GRC,3,2,1
2026,final,LVA,FIN,13,10,3
2026,final,LVA,AUS,0,0,0
2026,final,LVA,ALB,0,0,0
2026,final,LVA,DNK,8,3,5
2026,final,LVA,HRV,0,0,0
2026,final,LVA,SRB,0,0,0
2026,final,LVA,CYP,0,0,0
2026,final,LVA,NOR,0,0,0
2026,final,LVA,POL,8,0,8
2026,final,LVA,SWE,0,0,0
2026,final,LVA,FRA,6,0,6
2026,final,LVA,LTU,12,12,0
2026,final,LVA,CZE,12,0,12
2026,final,LVA,MLT,0,0,0
2026,final,LVA,AUT,0,0,0
2026,final,LVA,BEL,10,0,10
2026,final,LVA,DEU,0,0,0
2026,final,LVA,GBR,0,0,0
2026,final,LTU,BGR,24,12,12
2026,final,LTU,ROU,10,10,0
2026,final,LTU,ISR,8,0,8
2026,final,LTU,MDA,8,5,3
2026,final,LTU,UKR,7,7,0
2026,final,LTU,ITA,8,8,0
2026,final,LTU,GRC,0,0,0
2026,final,LTU,FIN,9,4,5
2026,final,LTU,AUS,2,2,0
2026,final,LTU,ALB,0,0,0
2026,final,LTU,DNK,10,6,4
2026,final,LTU,HRV,0,0,0
2026,final,LTU,SRB,1,1,0
2026,final,LTU,CYP,0,0,0
2026,final,LTU,NOR,7,0,7
2026,final,LTU,POL,13,3,10
2026,final,LTU,SWE,6,0,6
2026,final,LTU,FRA,1,0,1
2026,final,LTU,LTU,0,0,0
2026,final,LTU,CZE,2,0,2
2026,final,LTU,MLT,0,0,0
2026,final,LTU,AUT,0,0,0
2026,final,LTU,BEL,0,0,0
2026,final,LTU,DEU,0,0,0
2026,final,LTU,GBR,0,0,0
2026,final,LUX,BGR,20,12,8
2026,final,LUX,ROU,22,10,12
2026,final,LUX,ISR,1,1,0
2026,final,LUX,MDA,6,6,0
2026,final,LUX,UKR,4,4,0
2026,final,LUX,ITA,7,7,0
2026,final,LUX,GRC,8,8,0
2026,final,LUX,FIN,8,5,3
2026,final,LUX,AUS,10,0,10
2026,final,LUX,ALB,3,3,0
2026,final,LUX,DNK,5,0,5
2026,final,LUX,HRV,7,0,7
2026,final,LUX,SRB,0,0,0
2026,final,LUX,CYP,0,0,0
2026,final,LUX,NOR,4,0,4
2026,final,LUX,POL,0,0,0
2026,final,LUX,SWE,0,0,0
2026,final,LUX,FRA,8,2,6
2026,final,LUX,LTU,0,0,0
2026,final,LUX,CZE,0,0,0
2026,final,LUX,MLT,2,0,2
2026,final,LUX,AUT,1,0,1
2026,final,LUX,BEL,0,0,0
2026,final,LUX,DEU,0,0,0
2026,final,LUX,GBR,0,0,0
2026,final,MLT,BGR,20,8,12
2026,final,MLT,ROU,5,5,0
2026,final,MLT,ISR,11,7,4
2026,final,MLT,MDA,0,0,0
2026,final,MLT,UKR,0,0,0
2026,final,MLT,ITA,22,12,10
2026,final,MLT,GRC,2,2,0
2026,final,MLT,FIN,9,4,5
2026,final,MLT,AUS,18,10,8
2026,final,MLT,ALB,12,6,6
2026,final,MLT,DNK,0,0,0
2026,final,MLT,HRV,0,0,0
2026,final,MLT,SRB,1,1,0
2026,final,MLT,CYP,6,3,3
2026,final,MLT,NOR,2,0,2
2026,final,MLT,POL,1,0,1
2026,final,MLT,SWE,0,0,0
2026,final,MLT,FRA,7,0,7
2026,final,MLT,LTU,0,0,0
2026,final,MLT,CZE,0,0,0
2026,final,MLT,MLT,0,0,0
2026,final,MLT,AUT,0,0,0
2026,final,MLT,BEL,0,0,0
2026,final,MLT,DEU,0,0,0
2026,final,MLT,GBR,0,0,0
2026,final,MDA,BGR,13,6,7
2026,final,MDA,ROU,15,12,3
2026,final,MDA,ISR,18,8,10
2026,final,MDA,MDA,0,0,0
2026,final,MDA,UKR,10,10,0
2026,final,MDA,ITA,8,7,1
2026,final,MDA,GRC,11,3,8
2026,final,MDA,FIN,4,4,0
2026,final,MDA,AUS,4,0,4
2026,final,MDA,ALB,5,5,0
2026,final,MDA,DNK,0,0,0
2026,final,MDA,HRV,2,2,0
2026,final,MDA,SRB,1,1,0
2026,final,MDA,CYP,0,0,0
2026,final,MDA,NOR,6,0,6
2026,final,MDA,POL,12,0,12
2026,final,MDA,SWE,0,0,0
2026,final,MDA,FRA,2,0,2
2026,final,MDA,LTU,0,0,0
2026,final,MDA,CZE,5,0,5
2026,final,MDA,MLT,0,0,0
2026,final,MDA,AUT,0,0,0
2026,final,MDA,BEL,0,0,0
2026,final,MDA,DEU,0,0,0
2026,final,MDA,GBR,0,0,0
2026,final,MNE,BGR,12,7,5
2026,final,MNE,ROU,3,3,0
2026,final,MNE,ISR,4,4,0
2026,final,MNE,MDA,2,0,2
2026,final,MNE,UKR,5,5,0
2026,final,MNE,ITA,9,6,3
2026,final,MNE,GRC,8,2,6
2026,final,MNE,FIN,7,0,7
2026,final,MNE,AUS,1,1,0
2026,final,MNE,ALB,20,10,10
2026,final,MNE,DNK,0,0,0
2026,final,MNE,HRV,16,8,8
2026,final,MNE,SRB,24,12,12
2026,final,MNE,CYP,0,0,0
2026,final,MNE,NOR,0,0,0
2026,final,MNE,POL,1,0,1
2026,final,MNE,SWE,4,0,4
2026,final,MNE,FRA,0,0,0
2026,final,MNE,LTU,0,0,0
2026,final,MNE,CZE,0,0,0
2026,final,MNE,MLT,0,0,0
2026,final,MNE,AUT,0,0,0
2026,final,MNE,BEL,0,0,0
2026,final,MNE,DEU,0,0,0
2026,final,MNE,GBR,0,0,0
2026,final,NOR,BGR,11,8,3
2026,final,NOR,ROU,13,7,6
2026,final,NOR,ISR,6,5,1
2026,final,NOR,MDA,0,0,0
2026,final,NOR,UKR,2,2,0
2026,final,NOR,ITA,5,0,5
2026,final,NOR,GRC,0,0,0
2026,final,NOR,FIN,18,10,8
2026,final,NOR,AUS,13,6,7
2026,final,NOR,ALB,3,3,0
2026,final,NOR,DNK,24,12,12
2026,final,NOR,HRV,0,0,0
2026,final,NOR,SRB,0,0,0
2026,final,NOR,CYP,0,0,0
2026,final,NOR,NOR,0,0,0
2026,final,NOR,POL,0,0,0
2026,final,NOR,SWE,8,4,4
2026,final,NOR,FRA,11,1,10
2026,final,NOR,LTU,0,0,0
2026,final,NOR,CZE,2,0,2
2026,final,NOR,MLT,0,0,0
2026,final,NOR,AUT,0,0,0
2026,final,NOR,BEL,0,0,0
2026,final,NOR,DEU,0,0,0
2026,final,NOR,GBR,0,0,0
2026,final,POL,BGR,17,7,10
2026,final,POL,ROU,15,10,5
2026,final,POL,ISR,14,2,12
2026,final,POL,MDA,8,8,0
2026,final,POL,UKR,13,12,1
2026,final,POL,ITA,2,0,2
2026,final,POL,GRC,8,0,8
2026,final,POL,FIN,6,6,0
2026,final,POL,AUS,12,5,7
2026,final,POL,ALB,0,0,0
2026,final,POL,DNK,3,3,0
2026,final,POL,HRV,0,0,0
2026,final,POL,SRB,0,0,0
2026,final,POL,CYP,1,1,0
2026,final,POL,NOR,3,0,3
2026,final,POL,POL,0,0,0
2026,final,POL,SWE,0,0,0
2026,final,POL,FRA,0,0,0
2026,final,POL,LTU,0,0,0
2026,final,POL,CZE,8,4,4
2026,final,POL,MLT,0,0,0
2026,final,POL,AUT,0,0,0
2026,final,POL,BEL,6,0,6
2026,final,POL,DEU,0,0,0
2026,final,POL,GBR,0,0,0
2026,final,PRT,BGR,6,6,0
2026,final,PRT,ROU,8,7,1
2026,final,PRT,ISR,12,12,0
2026,final,PRT,MDA,8,8,0
2026,final,PRT,UKR,13,10,3
2026,final,PRT,ITA,3,3,0
2026,final,PRT,GRC,0,0,0
2026,final,PRT,FIN,12,5,7
2026,final,PRT,AUS,4,4,0
2026,final,PRT,ALB,12,0,12
2026,final,PRT,DNK,10,0,10
2026,final,PRT,HRV,9,1,8
2026,final,PRT,SRB,0,0,0
2026,final,PRT,CYP,0,0,0
2026,final,PRT,NOR,2,0,2
2026,final,PRT,POL,6,0,6
2026,final,PRT,SWE,0,0,0
2026,final,PRT,FRA,7,2,5
2026,final,PRT,LTU,0,0,0
2026,final,PRT,CZE,0,0,0
2026,final,PRT,MLT,0,0,0
2026,final,PRT,AUT,0,0,0
2026,final,PRT,BEL,0,0,0
2026,final,PRT,DEU,4,0,4
2026,final,PRT,GBR,0,0,0
2026,final,ROU,BGR,12,8,4
2026,final,ROU,ROU,0,0,0
2026,final,ROU,ISR,12,6,6
2026,final,ROU,MDA,22,12,10
2026,final,ROU,UKR,5,4,1
2026,final,ROU,ITA,7,7,0
2026,final,ROU,GRC,3,3,0
2026,final,ROU,FIN,0,0,0
2026,final,ROU,AUS,13,1,12
2026,final,ROU,ALB,5,5,0
2026,final,ROU,DNK,7,0,7
2026,final,ROU,HRV,4,2,2
2026,final,ROU,SRB,10,10,0
2026,final,ROU,CYP,0,0,0
2026,final,ROU,NOR,5,0,5
2026,final,ROU,POL,0,0,0
2026,final,ROU,SWE,0,0,0
2026,final,ROU,FRA,0,0,0
2026,final,ROU,LTU,0,0,0
2026,final,ROU,CZE,8,0,8
2026,final,ROU,MLT,3,0,3
2026,final,ROU,AUT,0,0,0
2026,final,ROU,BEL,0,0,0
2026,final,ROU,DEU,0,0,0
2026,final,ROU,GBR,0,0,0
2026,final,SMR,BGR,18,10,8
2026,final,SMR,ROU,13,6,7
2026,final,SMR,ISR,7,3,4
2026,final,SMR,MDA,2,2,0
2026,final,SMR,UKR,0,0,0
2026,final,SMR,ITA,18,8,10
2026,final,SMR,GRC,18,12,6
2026,final,SMR,FIN,6,4,2
2026,final,SMR,AUS,5,5,0
2026,final,SMR,ALB,6,1,5
2026,final,SMR,DNK,1,0,1
2026,final,SMR,HRV,0,0,0
2026,final,SMR,SRB,0,0,0
2026,final,SMR,CYP,10,7,3
2026,final,SMR,NOR,0,0,0
2026,final,SMR,POL,0,0,0
2026,final,SMR,SWE,0,0,0
2026,final,SMR,FRA,0,0,0
2026,final,SMR,LTU,0,0,0
2026,final,SMR,CZE,0,0,0
2026,final,SMR,MLT,12,0,12
2026,final,SMR,AUT,0,0,0
2026,final,SMR,BEL,0,0,0
2026,final,SMR,DEU,0,0,0
2026,final,SMR,GBR,0,0,0
2026,final,SRB,BGR,17,10,7
2026,final,SRB,ROU,7,7,0
2026,final,SRB,ISR,8,4,4
2026,final,SRB,MDA,8,5,3
2026,final,SRB,UKR,0,0,0
2026,final,SRB,ITA,16,6,10
2026,final,SRB,GRC,20,8,12
2026,final,SRB,FIN,2,2,0
2026,final,SRB,AUS,5,3,2
2026,final,SRB,ALB,1,1,0
2026,final,SRB,DNK,6,0,6
2026,final,SRB,HRV,12,12,0
2026,final,SRB,SRB,0,0,0
2026,final,SRB,CYP,0,0,0
2026,final,SRB,NOR,5,0,5
2026,final,SRB,POL,1,0,1
2026,final,SRB,SWE,0,0,0
2026,final,SRB,FRA,0,0,0
2026,final,SRB,LTU,0,0,0
2026,final,SRB,CZE,0,0,0
2026,final,SRB,MLT,8,0,8
2026,final,SRB,AUT,0,0,0
2026,final,SRB,BEL,0,0,0
2026,final,SRB,DEU,0,0,0
2026,final,SRB,GBR,0,0,0
2026,final,SWE,BGR,13,8,5
2026,final,SWE,ROU,4,3,1
2026,final,SWE,ISR,7,7,0
2026,final,SWE,MDA,0,0,0
2026,final,SWE,UKR,5,5,0
2026,final,SWE,ITA,3,0,3
2026,final,SWE,GRC,8,4,4
2026,final,SWE,FIN,24,12,12
2026,final,SWE,AUS,14,6,8
2026,final,SWE,ALB,0,0,0
2026,final,SWE,DNK,20,10,10
2026,final,SWE,HRV,6,0,6
2026,final,SWE,SRB,0,0,0
2026,final,SWE,CYP,0,0,0
2026,final,SWE,NOR,1,1,0
2026,final,SWE,POL,2,2,0
2026,final,SWE,SWE,0,0,0
2026,final,SWE,FRA,2,0,2
2026,final,SWE,LTU,0,0,0
2026,final,SWE,CZE,7,0,7
2026,final,SWE,MLT,0,0,0
2026,final,SWE,AUT,0,0,0
2026,final,SWE,BEL,0,0,0
2026,final,SWE,DEU,0,0,0
2026,final,SWE,GBR,0,0,0
2026,final,CHE,BGR,12,8,4
2026,final,CHE,ROU,5,4,1
2026,final,CHE,ISR,14,12,2
2026,final,CHE,MDA,1,1,0
2026,final,CHE,UKR,12,0,12
2026,final,CHE,ITA,10,10,0
2026,final,CHE,GRC,6,6,0
2026,final,CHE,FIN,3,3,0
2026,final,CHE,AUS,11,5,6
2026,final,CHE,ALB,7,7,0
2026,final,CHE,DNK,3,0,3
2026,final,CHE,HRV,2,2,0
2026,final,CHE,SRB,0,0,0
2026,final,CHE,CYP,0,0,0
2026,final,CHE,NOR,5,0,5
2026,final,CHE,POL,8,0,8
2026,final,CHE,SWE,0,0,0
2026,final,CHE,FRA,7,0,7
2026,final,CHE,LTU,0,0,0
2026,final,CHE,CZE,10,0,10
2026,final,CHE,MLT,0,0,0
2026,final,CHE,AUT,0,0,0
2026,final,CHE,BEL,0,0,0
2026,final,CHE,DEU,0,0,0
2026,final,CHE,GBR,0,0,0
2026,final,UKR,BGR,4,4,0
2026,final,UKR,ROU,13,10,3
2026,final,UKR,ISR,15,5,10
2026,final,UKR,MDA,20,12,8
2026,final,UKR,UKR,0,0,0
2026,final,UKR,ITA,4,0,4
2026,final,UKR,GRC,0,0,0
2026,final,UKR,FIN,8,2,6
2026,final,UKR,AUS,2,0,2
2026,final,UKR,ALB,0,0,0
2026,final,UKR,DNK,7,7,0
2026,final,UKR,HRV,8,8,0
2026,final,UKR,SRB,3,3,0
2026,final,UKR,CYP,0,0,0
2026,final,UKR,NOR,6,6,0
2026,final,UKR,POL,0,0,0
2026,final,UKR,SWE,0,0,0
2026,final,UKR,FRA,5,0,5
2026,final,UKR,LTU,0,0,0
2026,final,UKR,CZE,8,1,7
2026,final,UKR,MLT,12,0,12
2026,final,UKR,AUT,0,0,0
2026,final,UKR,BEL,0,0,0
2026,final,UKR,DEU,0,0,0
2026,final,UKR,GBR,1,0,1
2026,final,GBR,BGR,22,12,10
2026,final,GBR,ROU,8,8,0
2026,final,GBR,ISR,10,10,0
2026,final,GBR,MDA,6,6,0
2026,final,GBR,UKR,9,2,7
2026,final,GBR,ITA,0,0,0
2026,final,GBR,GRC,4,4,0
2026,final,GBR,FIN,3,1,2
2026,final,GBR,AUS,10,7,3
2026,final,GBR,ALB,0,0,0
2026,final,GBR,DNK,6,0,6
2026,final,GBR,HRV,0,0,0
2026,final,GBR,SRB,0,0,0
2026,final,GBR,CYP,3,3,0
2026,final,GBR,NOR,4,0,4
2026,final,GBR,POL,10,5,5
2026,final,GBR,SWE,0,0,0
2026,final,GBR,FRA,12,0,12
2026,final,GBR,LTU,0,0,0
2026,final,GBR,CZE,8,0,8
2026,final,GBR,MLT,1,0,1
2026,final,GBR,AUT,0,0,0
2026,final,GBR,BEL,0,0,0
2026,final,GBR,DEU,0,0,0
2026,final,GBR,GBR,0,0,0
